week_start,total_events_country,conflict_count,avg_goldstein,avg_tone,goldstein_volatility,total_mentions_conflict,days_covered,week_label,google_trends_score,target_count_h1,target_count_h2,target_count_h3,target_count_h4,escalation_threshold,escalation_event,target_event_h1,target_event_h2,target_event_h3,target_event_h4,conflict_count_t0,conflict_count_lag1,conflict_count_lag2,conflict_count_lag4,conflict_count_lag12,rolling_mean_4w,rolling_std_12w,rolling_max_8w,rolling_mean_12w,news_volume_change_wow,week_of_year,month,is_holiday,google_trends_score_lag1,google_trends_change_wow,weeks_since_major_spike,cumulative_conflict_12w
2021-12-27,308,88,-9.903409090909092,-5.265036676491565,0.21251037223441552,1051.0,2,2021-W52,3.0,327.0,253.0,935.0,758.0,,,,,,,88,,,,,,,,,,52,12,0,,,1.0,
2022-01-03,1149,327,-9.920489296636086,-5.405034210517631,0.217576738543037,2452.0,7,2022-W01,3.0,253.0,935.0,758.0,615.0,,,,,,,327,88.0,,,,207.5,,327.0,,2.7305194805194803,1,1,0,3.0,0.0,2.0,88.0
2022-01-10,1329,253,-9.82213438735178,-4.181282045017641,0.3053494448262101,1967.0,7,2022-W02,7.0,935.0,758.0,615.0,385.0,,,,,,,253,327.0,88.0,,,222.66666666666666,,327.0,,0.1566579634464751,2,1,0,3.0,1.3333333333333335,3.0,415.0
2022-01-17,3498,935,-9.912299465240642,-6.832828719130854,0.25199112044987043,18009.0,7,2022-W03,7.0,758.0,615.0,385.0,371.0,,,,,,,935,253.0,327.0,,,400.75,369.9120390939807,935.0,400.75,1.6320541760722347,3,1,0,7.0,0.0,4.0,668.0
2022-01-24,2512,758,-9.926781002638522,-6.482862722006443,0.234665352795056,13007.0,7,2022-W04,5.0,615.0,385.0,371.0,167.0,,,,,,,758,935.0,253.0,88.0,,568.25,357.98282081686546,935.0,472.2,-0.2818753573470555,4,1,0,7.0,-0.2857142857142857,5.0,1603.0
2022-01-31,1921,615,-9.894308943089431,-5.123460463086804,0.2871574756111526,5251.0,7,2022-W05,5.0,385.0,371.0,167.0,227.0,,,,,,,615,758.0,935.0,327.0,,640.25,325.4535297089279,935.0,496.0,-0.23527070063694266,5,1,0,5.0,0.0,6.0,2361.0
2022-02-07,1450,385,-9.761038961038961,-5.617805202627975,0.40186927942916684,4815.0,7,2022-W06,5.0,371.0,167.0,227.0,247.0,,,,,,,385,615.0,758.0,253.0,,673.25,300.04467921262915,935.0,480.14285714285717,-0.24518479958355022,6,2,0,5.0,0.0,7.0,2976.0
2022-02-14,1423,371,-9.804582210242588,-5.787650995919123,0.3604884458267155,6690.0,7,2022-W07,10.0,167.0,227.0,247.0,201.0,,,,,,,371,385.0,615.0,935.0,,532.25,280.4547327874093,935.0,466.5,-0.018620689655172384,7,2,0,5.0,1.0,8.0,3361.0
2022-02-21,927,167,-9.8562874251497,-5.454301359959635,0.31575972834695043,1048.0,7,2022-W08,20.0,227.0,247.0,201.0,410.0,,,,,,,167,371.0,385.0,758.0,,384.5,280.6950203413741,935.0,433.22222222222223,-0.348559381588194,8,2,0,10.0,1.0,9.0,3732.0
2022-02-28,1155,227,-9.801762114537445,-4.581670649838102,0.34615009759173027,2466.0,7,2022-W09,19.0,247.0,201.0,410.0,261.0,,,,,,0,227,167.0,371.0,615.0,,287.5,272.55833218678976,935.0,412.6,0.24595469255663427,9,2,0,20.0,-0.050000000000000044,10.0,3899.0
2022-03-07,1540,247,-9.831983805668017,-5.632217755656544,0.307608979533308,2716.0,7,2022-W10,16.0,201.0,410.0,261.0,222.0,,,,,0,0,247,227.0,167.0,385.0,,253.0,263.3481967420182,935.0,397.54545454545456,0.33333333333333326,10,3,0,19.0,-0.1578947368421053,11.0,4126.0
2022-03-14,1929,201,-9.85820895522388,-5.943701216076977,0.32564516904047935,2639.0,7,2022-W11,16.0,410.0,261.0,222.0,157.0,,,,0,0,0,201,247.0,227.0,371.0,,210.5,257.4231865425043,758.0,381.1666666666667,0.2525974025974025,11,3,0,16.0,0.0,12.0,4373.0
2022-03-21,2141,410,-9.904878048780487,-6.064061574160968,0.26760846075941286,5332.0,7,2022-W12,13.0,261.0,222.0,157.0,139.0,,,0,0,0,0,410,201.0,247.0,167.0,88.0,271.25,240.2986777854896,615.0,408.0,0.10990150336962157,12,3,0,16.0,-0.1875,13.0,4574.0
2022-03-28,2375,261,-9.831417624521073,-5.058285328003208,0.2947122160745399,4640.0,7,2022-W13,9.0,222.0,157.0,139.0,81.0,876.5718945268214,0,0,0,0,0,261,410.0,201.0,227.0,327.0,279.75,243.06059850468267,410.0,402.5,0.10929472209248026,13,3,0,13.0,-0.3076923076923077,14.0,4896.0
2022-04-04,1919,222,-9.873873873873874,-4.823156346573771,0.26880385680265695,2419.0,7,2022-W14,7.0,157.0,139.0,81.0,116.0,852.9762504626578,0,0,0,0,0,222,261.0,410.0,247.0,253.0,273.5,244.95137117890204,410.0,399.9166666666667,-0.19199999999999995,14,4,0,9.0,-0.2222222222222222,15.0,4830.0
2022-04-11,1500,157,-9.837579617834395,-4.772059904547611,0.33596665217961136,1752.0,7,2022-W15,6.0,139.0,81.0,116.0,110.0,832.0915875879823,0,0,0,0,0,157,222.0,261.0,201.0,935.0,262.5,186.41764368961398,410.0,335.0833333333333,-0.21834288692027093,15,4,0,7.0,-0.1428571428571429,16.0,4799.0
2022-04-18,1407,139,-9.87410071942446,-3.981165219161275,0.3616263844854251,1330.0,7,2022-W16,6.0,81.0,116.0,110.0,99.0,815.0250442712526,0,0,0,0,0,139,157.0,222.0,410.0,758.0,194.75,138.14583861728417,410.0,283.5,-0.062000000000000055,16,4,0,6.0,0.0,17.0,4021.0
2022-04-25,1011,81,-9.851851851851851,-5.0029373188481605,0.33952581312438906,595.0,7,2022-W17,5.0,116.0,110.0,99.0,93.0,799.4910422581529,0,0,0,0,0,81,139.0,157.0,261.0,615.0,149.75,103.25520017721315,410.0,239.0,-0.2814498933901919,17,4,1,6.0,-0.16666666666666663,18.0,3402.0
2022-05-02,795,116,-9.89655172413793,-6.100521668379886,0.2913032289803751,1372.0,7,2022-W18,5.0,110.0,99.0,93.0,102.0,787.6681277239472,0,0,0,0,0,116,81.0,139.0,222.0,385.0,123.25,97.72917898070371,410.0,216.58333333333334,-0.21364985163204753,18,5,1,5.0,0.0,19.0,2868.0
2022-05-09,755,110,-9.827272727272728,-6.461012430342753,0.3208100672506623,1694.0,7,2022-W19,4.0,99.0,93.0,102.0,46.0,773.7141866663152,0,0,0,0,0,110,116.0,81.0,157.0,371.0,111.5,88.88177370512861,410.0,194.83333333333334,-0.05031446540880502,19,5,0,5.0,-0.19999999999999996,20.0,2599.0
2022-05-16,978,99,-9.833333333333334,-4.596115898661775,0.3425593945223366,857.0,7,2022-W20,4.0,93.0,102.0,46.0,123.0,760.431873305097,0,0,0,0,0,99,110.0,116.0,139.0,167.0,101.5,92.89469437176828,261.0,189.16666666666666,0.2953642384105961,20,5,1,4.0,0.0,21.0,2338.0
2022-05-23,979,93,-9.779569892473118,-6.088347079173048,0.3863314469594358,1150.0,7,2022-W21,4.0,102.0,46.0,123.0,90.0,747.9789915219274,0,0,0,0,0,93,99.0,110.0,81.0,227.0,104.5,95.93747964169161,222.0,178.0,0.0010224948875254825,21,5,0,4.0,0.0,22.0,2270.0
2022-05-30,1363,102,-9.882352941176471,-5.457499987152196,0.25540174709074803,2138.0,7,2022-W22,4.0,46.0,123.0,90.0,126.0,736.0972918427475,0,0,0,0,0,102,93.0,99.0,116.0,247.0,101.0,95.5876164795546,157.0,165.91666666666666,0.39223697650663936,22,5,0,4.0,0.0,23.0,2136.0
2022-06-06,657,46,-9.793478260869565,-6.168494156388374,0.3428003461122611,398.0,7,2022-W23,5.0,123.0,90.0,126.0,59.0,724.3044240363747,0,0,0,0,0,46,102.0,93.0,110.0,201.0,85.0,100.74901307885666,139.0,153.0,-0.5179750550256786,23,6,0,4.0,0.25,24.0,1991.0
2022-06-13,995,123,-9.882113821138212,-4.951248331456468,0.2722199328788962,2511.0,7,2022-W24,4.0,90.0,126.0,59.0,108.0,714.8697407494882,0,0,0,0,0,123,46.0,102.0,99.0,410.0,91.0,60.030989471852706,123.0,129.08333333333334,0.5144596651445967,24,6,0,5.0,-0.19999999999999996,25.0,1836.0
2022-06-20,544,90,-9.794444444444444,-6.085318807302782,0.3814110735037209,854.0,7,2022-W25,3.0,126.0,59.0,108.0,97.0,703.4507197349369,0,0,0,0,0,90,123.0,46.0,93.0,261.0,90.25,44.0347658794798,123.0,114.83333333333333,-0.45326633165829144,25,6,0,4.0,-0.25,26.0,1549.0
2022-06-27,656,126,-9.956349206349206,-6.136432550070438,0.15517527212595722,944.0,7,2022-W26,3.0,59.0,108.0,97.0,67.0,693.1094394025038,0,0,0,0,0,126,90.0,123.0,102.0,222.0,96.25,28.922571661509348,126.0,106.83333333333333,0.2058823529411764,26,6,0,3.0,0.0,27.0,1378.0
2022-07-04,647,59,-9.940677966101696,-6.276104479432231,0.20936574503913488,783.0,7,2022-W27,3.0,108.0,97.0,67.0,118.0,682.67479867298,0,0,0,0,0,59,126.0,90.0,46.0,157.0,99.5,27.257470480029667,126.0,98.66666666666667,-0.013719512195121908,27,7,1,3.0,0.0,28.0,1282.0
2022-07-11,1225,108,-9.916666666666666,-5.287310929462849,0.2511655074836764,1281.0,7,2022-W28,3.0,97.0,67.0,118.0,157.0,673.856550580024,0,0,0,0,0,108,59.0,126.0,123.0,139.0,95.75,24.407369726574153,126.0,96.08333333333333,0.8933539412673879,28,7,1,3.0,0.0,29.0,1184.0
2022-07-18,734,97,-9.8659793814433,-6.2151210595472675,0.2932883244132186,831.0,7,2022-W29,3.0,67.0,118.0,157.0,73.0,664.4028117123653,0,0,0,0,0,97,108.0,59.0,90.0,81.0,97.5,23.94105767137772,126.0,97.41666666666667,-0.4008163265306123,29,7,0,3.0,0.0,30.0,1153.0
2022-07-25,798,67,-9.895522388059701,-6.191513218410894,0.26879801801944225,456.0,7,2022-W30,3.0,118.0,157.0,73.0,69.0,655.4554498765802,0,0,0,0,0,67,97.0,108.0,126.0,116.0,82.75,24.651510495240675,126.0,93.33333333333333,0.08719346049046317,30,7,1,3.0,0.0,31.0,1169.0
2022-08-01,921,118,-9.902542372881356,-5.084335607566931,0.23803392145205435,876.0,7,2022-W31,3.0,157.0,73.0,69.0,134.0,647.2935071395176,0,0,0,0,0,118,67.0,97.0,59.0,110.0,97.5,25.244261274054324,126.0,94.0,0.15413533834586457,31,8,0,3.0,0.0,32.0,1120.0
2022-08-08,777,157,-9.92356687898089,-5.571618286894055,0.23455908647889184,2194.0,7,2022-W32,3.0,73.0,69.0,134.0,126.0,638.8759206968862,0,0,0,0,0,157,118.0,67.0,108.0,99.0,109.75,31.150173889295143,157.0,98.83333333333333,-0.15635179153094458,32,8,0,3.0,0.0,33.0,1128.0
2022-08-15,626,73,-9.863013698630137,-5.831469560268701,0.29178895023014123,512.0,7,2022-W33,3.0,69.0,134.0,126.0,107.0,630.9840921740633,0,0,0,0,0,73,157.0,118.0,97.0,93.0,103.75,32.01372811590021,157.0,97.16666666666667,-0.19433719433719432,33,8,0,3.0,0.0,34.0,1186.0
2022-08-22,466,69,-9.891304347826088,-4.898246123748476,0.282707045644938,535.0,7,2022-W34,3.0,134.0,126.0,107.0,63.0,623.6196398332155,0,0,0,0,0,69,73.0,157.0,67.0,102.0,104.25,32.96405296499172,157.0,94.41666666666667,-0.25559105431309903,34,8,0,3.0,0.0,35.0,1166.0
2022-08-29,638,134,-9.746268656716419,-6.585005337361108,0.37670049857513266,1188.0,7,2022-W35,3.0,126.0,107.0,63.0,79.0,616.532259530383,0,0,0,0,0,134,69.0,73.0,118.0,46.0,108.25,30.94019157253953,157.0,101.75,0.36909871244635184,35,8,0,3.0,0.0,36.0,1133.0
2022-09-05,641,126,-9.90079365079365,-7.251576763224556,0.2899644203680256,1229.0,7,2022-W36,4.0,107.0,63.0,79.0,164.0,609.4153318578346,0,0,0,0,0,126,134.0,69.0,157.0,123.0,100.5,31.13898462757505,157.0,102.0,0.004702194357366851,36,9,0,3.0,0.33333333333333326,37.0,1221.0
2022-09-12,832,107,-9.83177570093458,-5.307506637871253,0.33606999799882276,692.0,7,2022-W37,3.0,63.0,79.0,164.0,109.0,602.5510159999669,0,0,0,0,0,107,126.0,134.0,73.0,90.0,109.0,30.929416222728474,157.0,103.41666666666667,0.2979719188767551,37,9,0,4.0,-0.25,38.0,1224.0
2022-09-19,972,63,-9.880952380952381,-5.175514332356801,0.26509714765695364,500.0,7,2022-W38,3.0,79.0,164.0,109.0,127.0,595.9321725064929,0,0,0,0,0,63,107.0,126.0,69.0,126.0,107.5,32.073306185938506,157.0,98.16666666666667,0.16826923076923084,38,9,0,3.0,0.0,39.0,1241.0
2022-09-26,851,79,-9.873417721518987,-4.714563918003245,0.29382921114645344,1062.0,7,2022-W39,4.0,164.0,109.0,127.0,71.0,589.8473726439577,0,0,0,0,0,79,63.0,107.0,134.0,59.0,93.75,30.32500718229185,157.0,99.83333333333333,-0.12448559670781889,39,9,1,3.0,0.33333333333333326,40.0,1178.0
2022-10-03,1039,164,-9.920731707317072,-5.891082752814269,0.22111696645329795,1290.0,7,2022-W40,4.0,109.0,127.0,71.0,101.0,583.7701513383004,0,0,0,0,0,164,79.0,63.0,126.0,108.0,103.25,35.554056155253235,164.0,104.5,0.22091656874265575,40,10,0,4.0,0.0,41.0,1198.0
2022-10-10,904,109,-9.876146788990825,-6.251031802672174,0.30547445870342377,1431.0,7,2022-W41,3.0,127.0,71.0,101.0,,578.2310941266157,0,0,0,0,,109,164.0,79.0,107.0,97.0,103.75,35.492636880446966,164.0,105.5,-0.12993262752646773,41,10,1,4.0,-0.25,42.0,1254.0
2022-10-17,672,127,-9.917322834645669,-5.797234542034553,0.2579204036775122,1375.0,7,2022-W42,4.0,71.0,101.0,,72.0,572.4670038802402,0,0,0,,0,127,109.0,164.0,63.0,67.0,119.75,33.7598470483393,164.0,110.5,-0.2566371681415929,42,10,0,3.0,0.33333333333333326,43.0,1266.0
2022-10-24,486,71,-9.873239436619718,-6.801472727124896,0.28931334791135777,466.0,7,2022-W43,4.0,101.0,,72.0,103.0,566.9571100183216,0,0,,0,0,71,127.0,109.0,79.0,118.0,117.75,35.492530157339985,164.0,106.58333333333333,-0.2767857142857143,43,10,0,4.0,0.0,44.0,1326.0
2022-10-31,599,101,-9.896039603960396,-6.028288316827112,0.27673842959705186,851.0,7,2022-W44,3.0,,72.0,103.0,70.0,561.6967944550536,0,,0,0,0,101,71.0,127.0,164.0,157.0,102.0,31.74460106805074,164.0,101.91666666666667,0.23251028806584362,44,10,0,4.0,-0.25,45.0,1279.0
2022-11-07,545,111,-9.905405405405405,-6.936150631156495,0.2739734021057977,1009.0,6,2022-W45,3.0,72.0,103.0,70.0,93.0,556.4642867276808,0,0,0,0,0,111,101.0,71.0,109.0,73.0,102.5,30.467444125084448,164.0,105.08333333333333,-0.09015025041736224,45,11,0,3.0,0.0,46.0,1223.0
2022-11-14,497,72,-9.92361111111111,-7.603963207880808,0.26081835217743204,467.0,7,2022-W46,3.0,103.0,70.0,93.0,120.0,551.4067699516157,0,0,0,0,0,72,111.0,101.0,127.0,69.0,88.75,30.155154341062897,164.0,105.33333333333333,-0.08807339449541285,46,11,0,3.0,0.0,47.0,1261.0
2022-11-21,557,103,-9.95631067961165,-7.274217013141864,0.1866473569735715,1376.0,7,2022-W47,4.0,70.0,93.0,120.0,37.0,546.5756298846871,0,0,0,0,0,103,72.0,111.0,71.0,134.0,96.75,28.772224611435597,164.0,102.75,0.12072434607645866,47,11,0,3.0,0.33333333333333326,48.0,1264.0
2022-11-28,542,70,-9.985714285714286,-6.852828204706171,0.08390075967546473,501.0,7,2022-W48,4.0,93.0,120.0,37.0,74.0,541.798344708524,0,0,0,0,0,70,103.0,72.0,101.0,126.0,89.0,29.196694499497042,127.0,98.08333333333333,-0.026929982046678624,48,11,1,4.0,0.0,49.0,1233.0
2022-12-05,441,93,-9.763440860215054,-6.838584814137447,0.4208647790268736,980.0,7,2022-W49,4.0,120.0,37.0,74.0,73.0,537.2338865412493,0,0,0,0,0,93,70.0,103.0,111.0,107.0,84.5,29.087511638731225,127.0,96.91666666666667,-0.18634686346863472,49,12,0,4.0,0.0,50.0,1177.0
2022-12-12,845,120,-9.7875,-7.234477535084543,0.3704556585584609,1002.0,7,2022-W50,3.0,37.0,74.0,73.0,122.0,532.7146343239735,0,0,0,0,0,120,93.0,70.0,72.0,63.0,96.5,27.664658561661746,120.0,101.66666666666667,0.9160997732426304,50,12,0,4.0,-0.25,51.0,1163.0
2022-12-19,483,37,-9.743243243243244,-4.738427317557372,0.38408660810098877,683.0,7,2022-W51,3.0,74.0,73.0,122.0,80.0,528.4000608676462,0,0,0,0,0,37,120.0,93.0,103.0,79.0,80.0,32.94577730793787,120.0,98.16666666666667,-0.4284023668639053,51,12,0,3.0,0.0,52.0,1220.0
2022-12-26,481,74,-9.878378378378379,-5.209417132952334,0.2721151399483589,626.0,7,2022-W52,3.0,73.0,122.0,80.0,73.0,524.4713732638659,0,0,0,0,0,74,37.0,120.0,70.0,164.0,81.0,26.13716731307175,120.0,90.66666666666667,-0.0041407867494823725,52,12,0,3.0,0.0,53.0,1178.0
2023-01-02,411,73,-9.719178082191782,-7.579685464733313,0.4486577309185004,692.0,7,2023-W01,4.0,122.0,80.0,73.0,108.0,524.503405812174,0,0,0,0,0,73,74.0,37.0,93.0,109.0,76.0,25.906592117673572,120.0,87.66666666666667,-0.14553014553014554,1,1,0,3.0,0.33333333333333326,54.0,1088.0
2023-01-09,723,122,-9.692622950819672,-7.107489768954049,0.4520235554432071,1031.0,7,2023-W02,3.0,80.0,73.0,108.0,44.0,518.1223517315323,0,0,0,0,0,122,73.0,74.0,120.0,127.0,76.5,25.248312274828667,122.0,87.25,0.7591240875912408,2,1,0,4.0,-0.25,55.0,1052.0
2023-01-16,743,80,-9.79375,-6.673536908487117,0.4032600536701792,601.0,7,2023-W03,3.0,73.0,108.0,44.0,77.0,515.0900520662142,0,0,0,0,0,80,122.0,73.0,37.0,71.0,87.25,24.852290913240875,122.0,88.0,0.027662517289073207,3,1,0,3.0,0.0,56.0,1047.0
2023-01-23,422,73,-9.787671232876713,-8.110371714547822,0.40754863563869165,654.0,7,2023-W04,3.0,108.0,44.0,77.0,86.0,423.25652907956936,0,0,0,0,0,73,80.0,122.0,74.0,101.0,87.0,24.83521449047441,122.0,85.66666666666667,-0.43203230148048455,4,1,0,3.0,0.0,57.0,1056.0
2023-01-30,670,108,-9.689814814814815,-7.099734042711238,0.44678285403199464,1715.0,7,2023-W05,3.0,44.0,77.0,86.0,85.0,349.90175581102613,0,0,0,0,0,108,73.0,80.0,73.0,111.0,95.75,24.570708108837408,122.0,85.41666666666667,0.5876777251184835,5,1,0,3.0,0.0,58.0,1028.0
2023-02-06,371,44,-9.920454545454545,-7.5387313374389215,0.262881656506679,422.0,7,2023-W06,3.0,77.0,86.0,85.0,119.0,291.70267729566365,0,0,0,0,0,44,108.0,73.0,122.0,72.0,76.25,27.15430095962796,122.0,83.08333333333333,-0.4462686567164179,6,2,0,3.0,0.0,59.0,1025.0
2023-02-13,670,77,-9.733766233766234,-5.815134146501293,0.4102664056216174,617.0,7,2023-W07,3.0,86.0,85.0,119.0,141.0,269.8756981825393,0,0,0,0,0,77,44.0,108.0,80.0,103.0,75.5,26.44877839878186,122.0,80.91666666666667,0.8059299191374663,7,2,0,3.0,0.0,60.0,997.0
2023-02-20,812,86,-9.895348837209303,-6.29405612973981,0.24394164043846334,628.0,7,2023-W08,3.0,85.0,119.0,141.0,,246.90092223066236,0,0,0,0,,86,77.0,44.0,73.0,70.0,78.75,26.25097400790355,122.0,82.25,0.21194029850746277,8,2,0,3.0,0.0,61.0,971.0
2023-02-27,596,85,-9.758823529411766,-6.012703419267731,0.40540811819315925,739.0,7,2023-W09,3.0,119.0,141.0,,119.0,244.85611821541477,0,0,0,,0,85,86.0,77.0,108.0,93.0,73.0,26.05399405197977,122.0,81.58333333333333,-0.2660098522167488,9,2,0,3.0,0.0,62.0,987.0
2023-03-06,1086,119,-9.911764705882353,-4.756778994700398,0.24047145451941676,924.0,7,2023-W10,4.0,141.0,,119.0,99.0,238.48752472018484,0,0,,0,0,119,85.0,86.0,44.0,120.0,91.75,25.921209287166413,119.0,81.5,0.8221476510067114,10,3,0,3.0,0.33333333333333326,63.0,979.0
2023-03-13,1150,141,-9.914893617021276,-4.627217396105058,0.24609410807736803,1213.0,7,2023-W11,4.0,,119.0,99.0,177.0,230.19448558052807,0,,0,0,1,141,119.0,85.0,77.0,37.0,107.75,27.051578120099958,141.0,90.16666666666667,0.058931860036832484,11,3,0,4.0,0.0,64.0,978.0
2023-03-20,1162,158,-9.813291139240507,-5.34373852627119,0.38887465116138786,958.0,6,2023-W12,4.0,119.0,99.0,177.0,206.0,226.61701520728596,0,0,0,1,1,158,141.0,119.0,86.0,74.0,125.75,32.75482846663649,158.0,97.16666666666667,0.01043478260869568,12,3,0,4.0,0.0,65.0,1082.0
2023-03-27,1074,119,-9.789915966386555,-5.3205921786486154,0.4193204668215664,1138.0,7,2023-W13,5.0,99.0,177.0,206.0,181.0,186.65330396467937,0,0,1,1,1,119,158.0,141.0,85.0,73.0,134.25,32.35878411020571,158.0,101.0,-0.07573149741824436,13,3,0,4.0,0.25,66.0,1166.0
2023-04-03,1781,99,-9.803030303030303,-5.161272602450857,0.3336424046406519,587.0,7,2023-W14,6.0,177.0,206.0,181.0,91.0,171.15153740134133,0,1,1,1,0,99,119.0,158.0,119.0,122.0,129.25,31.675796132158275,158.0,99.08333333333333,0.6582867783985102,14,4,0,5.0,0.19999999999999996,67.0,1212.0
2023-04-10,2907,177,-9.878531073446327,-3.9744427876399278,0.28342886392171623,1924.0,7,2023-W15,4.0,206.0,181.0,91.0,72.0,159.8860706272975,1,1,1,0,0,177,99.0,119.0,141.0,80.0,138.25,38.09040283166851,177.0,107.16666666666667,0.6322290847838292,15,4,0,6.0,-0.33333333333333337,68.0,1189.0
2023-04-17,1949,206,-9.83495145631068,-5.306291845882403,0.29949835713188533,7707.0,7,2023-W16,3.0,181.0,91.0,72.0,84.0,161.99455729695043,1,1,0,0,0,206,177.0,99.0,158.0,73.0,150.25,45.812116301258044,206.0,118.25,-0.32954936360509113,16,4,1,4.0,-0.25,1.0,1286.0
2023-04-24,1254,181,-9.850828729281767,-4.602504389891734,0.34134029689029405,3262.0,7,2023-W17,3.0,91.0,72.0,84.0,68.0,169.10001722204123,1,0,0,0,0,181,206.0,177.0,119.0,108.0,165.75,49.059024437792,206.0,124.33333333333333,-0.3565931246793227,17,4,1,3.0,0.0,1.0,1419.0
2023-05-01,872,91,-9.82967032967033,-5.007552422330746,0.34334773610389235,678.0,7,2023-W18,3.0,72.0,84.0,68.0,50.0,174.2767905975423,0,0,0,0,0,91,181.0,206.0,99.0,44.0,163.75,43.63927547102904,206.0,128.25,-0.30462519936204147,18,5,1,3.0,0.0,1.0,1492.0
2023-05-08,906,72,-9.902777777777779,-5.034174699651101,0.3210775090584223,504.0,7,2023-W19,3.0,84.0,68.0,50.0,138.0,173.77879800670553,0,0,0,0,0,72,91.0,181.0,177.0,77.0,137.5,44.193445283894754,206.0,127.83333333333333,0.03899082568807333,19,5,0,3.0,0.0,2.0,1539.0
2023-05-15,1015,84,-9.839285714285714,-5.826213399996862,0.33974400608837463,924.0,7,2023-W20,3.0,68.0,50.0,138.0,130.0,173.51856653284574,0,0,0,0,0,84,72.0,91.0,206.0,86.0,107.0,44.36897633038263,206.0,127.66666666666667,0.12030905077262699,20,5,0,3.0,0.0,3.0,1534.0
2023-05-22,919,68,-9.882352941176471,-5.869475124185077,0.28804082239216494,1307.0,7,2023-W21,3.0,50.0,138.0,130.0,89.0,173.39844979412652,0,0,0,0,0,68,84.0,72.0,181.0,85.0,78.75,46.09303832270309,206.0,126.25,-0.09458128078817729,21,5,1,3.0,0.0,4.0,1532.0
2023-05-29,726,50,-9.89,-4.636008904031723,0.2727411870290972,313.0,7,2023-W22,3.0,138.0,130.0,89.0,65.0,173.48564296234608,0,0,0,0,0,50,68.0,84.0,91.0,119.0,68.5,51.11039744780626,206.0,120.5,-0.21001088139281832,22,5,0,3.0,0.0,5.0,1515.0
2023-06-05,827,138,-9.91304347826087,-5.623745094453873,0.2627274369475708,2225.0,7,2023-W23,2.0,130.0,89.0,65.0,92.0,173.86122094884934,0,0,0,0,0,138,50.0,68.0,72.0,141.0,85.0,51.00824354053864,206.0,120.25,0.1391184573002755,23,6,0,3.0,-0.33333333333333337,6.0,1446.0
2023-06-12,1035,130,-9.707692307692307,-6.596845413054908,0.4212597174579744,1303.0,7,2023-W24,2.0,89.0,65.0,92.0,163.0,174.74238326633753,0,0,0,0,0,130,138.0,50.0,84.0,158.0,96.5,49.74929571604424,181.0,117.91666666666667,0.2515114873035067,24,6,0,2.0,0.0,7.0,1443.0
2023-06-19,781,89,-9.752808988764045,-4.628197995050321,0.38526551872479287,1775.0,7,2023-W25,2.0,65.0,92.0,163.0,193.0,175.06165048334563,0,0,0,0,1,89,130.0,138.0,68.0,119.0,101.75,50.43890694031073,138.0,115.41666666666667,-0.24541062801932367,25,6,0,2.0,0.0,8.0,1415.0
2023-06-26,533,65,-9.86923076923077,-6.040686117423695,0.3096989853687956,966.0,7,2023-W26,2.0,92.0,163.0,193.0,111.0,175.05587522173042,0,0,0,1,0,65,89.0,130.0,50.0,99.0,105.5,52.363169452884605,138.0,112.58333333333333,-0.3175416133162612,26,6,1,2.0,0.0,9.0,1385.0
2023-07-03,604,92,-9.945652173913043,-7.055334047177135,0.17314990232899616,1143.0,7,2023-W27,2.0,163.0,193.0,111.0,143.0,174.2703947707589,0,0,1,0,0,92,65.0,89.0,138.0,177.0,94.0,48.4608558060476,138.0,105.5,0.13320825515947465,27,7,0,2.0,0.0,10.0,1351.0
2023-07-10,742,163,-9.923312883435583,-7.4350724588993815,0.2580961999201844,2178.0,7,2023-W28,2.0,193.0,111.0,143.0,223.0,173.99471962314752,0,1,0,0,1,163,92.0,65.0,130.0,206.0,102.25,41.434413306581256,163.0,101.91666666666667,0.22847682119205293,28,7,0,2.0,0.0,11.0,1266.0
2023-07-17,1440,193,-9.953367875647668,-6.582510007068798,0.17048202008125293,3155.0,7,2023-W29,3.0,111.0,143.0,223.0,111.0,177.01805373049768,1,0,0,1,0,193,163.0,92.0,89.0,181.0,128.25,43.60454174287413,193.0,102.91666666666667,0.940700808625337,29,7,1,2.0,0.5,12.0,1223.0
2023-07-24,828,111,-9.963963963963964,-5.711074522651903,0.1298900183671439,1047.0,7,2023-W30,2.0,143.0,223.0,111.0,139.0,182.9513387163349,0,0,1,0,0,111,193.0,163.0,65.0,91.0,139.75,43.48972362071358,193.0,104.58333333333333,-0.42500000000000004,30,7,0,3.0,-0.33333333333333337,1.0,1235.0
2023-07-31,611,143,-9.895104895104895,-6.7120522795386055,0.28367027857655475,1221.0,7,2023-W31,2.0,223.0,111.0,139.0,104.0,183.10005677524833,0,1,0,0,0,143,111.0,193.0,92.0,72.0,152.5,43.48353920529209,193.0,110.5,-0.2620772946859904,31,7,0,2.0,0.0,2.0,1255.0
2023-08-07,1166,223,-9.627802690582959,-4.811784762626363,0.47508948099035264,3156.0,7,2023-W32,2.0,111.0,139.0,104.0,76.0,184.20853382150744,1,0,0,0,0,223,143.0,111.0,163.0,84.0,167.5,53.20877974943831,223.0,122.08333333333333,0.9083469721767594,32,8,0,2.0,0.0,3.0,1326.0
2023-08-14,960,111,-9.743243243243244,-5.19949907021931,0.41486506494644976,806.0,7,2023-W33,2.0,139.0,104.0,76.0,56.0,190.812992325229,0,0,0,0,0,111,223.0,143.0,193.0,68.0,147.0,50.62039354276333,223.0,125.66666666666667,-0.176672384219554,33,8,0,2.0,0.0,1.0,1465.0
2023-08-21,751,139,-9.816546762589928,-7.542545676000914,0.37175594345358687,2105.0,7,2023-W34,2.0,104.0,76.0,56.0,73.0,190.9963901203912,0,0,0,0,0,139,111.0,223.0,111.0,50.0,154.0,44.69992542872222,223.0,133.08333333333334,-0.21770833333333328,34,8,0,2.0,0.0,2.0,1508.0
2023-08-28,798,104,-9.673076923076923,-5.612648994290704,0.433820411420668,843.0,7,2023-W35,2.0,76.0,56.0,73.0,216.0,192.0530037382606,0,0,0,0,1,104,139.0,111.0,143.0,138.0,144.25,45.43151689381195,223.0,130.25,0.062583222370173,35,8,0,2.0,0.0,3.0,1597.0
2023-09-04,517,76,-9.769736842105264,-5.409055429474324,0.40365653282367203,1044.0,7,2023-W36,3.0,56.0,73.0,216.0,85.0,191.18552679088137,0,0,0,1,0,76,104.0,139.0,223.0,130.0,107.5,48.057021055484356,223.0,125.75,-0.3521303258145363,36,9,0,2.0,0.5,4.0,1563.0
2023-09-11,744,56,-9.794642857142858,-6.363634830143445,0.3905332684499924,926.0,7,2023-W37,3.0,73.0,216.0,85.0,154.0,190.55524033051233,0,0,1,0,0,56,76.0,104.0,111.0,89.0,93.75,51.19303929956949,223.0,123.0,0.4390715667311411,37,9,0,3.0,0.0,5.0,1509.0
2023-09-18,1292,73,-9.60958904109589,-7.008369658111374,0.4804986945183008,820.0,7,2023-W38,2.0,216.0,85.0,154.0,470.0,190.7952692936335,0,1,0,0,1,73,56.0,76.0,139.0,65.0,77.25,50.41524540946878,223.0,123.66666666666667,0.7365591397849462,38,9,0,3.0,-0.33333333333333337,6.0,1476.0
2023-09-25,963,216,-9.916666666666666,-6.640726611245129,0.2458965560536981,2049.0,7,2023-W39,3.0,85.0,154.0,470.0,269.0,190.62717162587575,1,0,0,1,1,216,73.0,56.0,104.0,92.0,105.25,55.759222637075055,223.0,134.0,-0.25464396284829727,39,9,1,2.0,0.5,7.0,1484.0
2023-10-02,650,85,-9.776470588235295,-5.204479229769218,0.37405342718194023,634.0,7,2023-W40,6.0,154.0,470.0,269.0,358.0,198.17099196895157,0,0,1,1,1,85,216.0,73.0,76.0,163.0,107.5,56.611113589278354,216.0,127.5,-0.32502596053997923,40,10,0,3.0,1.0,1.0,1608.0
2023-10-09,1007,154,-9.915584415584416,-4.943982123862579,0.2412196325511,2494.0,7,2023-W41,8.0,470.0,269.0,358.0,382.0,195.53578890373018,0,1,1,1,1,154,85.0,216.0,56.0,193.0,132.0,53.54543525235023,216.0,124.25,0.5492307692307692,41,10,1,6.0,0.33333333333333326,2.0,1530.0
2023-10-16,1239,470,-9.971276595744682,-5.664338874092205,0.15218545836178643,6976.0,7,2023-W42,6.0,269.0,358.0,382.0,251.0,197.33087113607536,1,1,1,1,0,470,154.0,85.0,73.0,111.0,231.25,112.88194423083495,470.0,154.16666666666666,0.23038728897715988,42,10,0,8.0,-0.25,3.0,1491.0
2023-10-23,863,269,-9.914498141263941,-5.418430222628444,0.25940127136559055,1930.0,7,2023-W43,100.0,358.0,382.0,251.0,341.0,249.05110392422603,1,1,1,0,1,269,470.0,154.0,216.0,143.0,244.5,117.51389344037219,470.0,164.66666666666666,-0.3034705407586763,43,10,0,6.0,15.666666666666668,1.0,1850.0
2023-10-30,1108,358,-9.912011173184357,-5.402521312404717,0.2748992785006691,3789.0,7,2023-W44,11.0,382.0,251.0,341.0,446.0,258.85388203875675,1,1,0,1,1,358,269.0,470.0,85.0,223.0,312.75,129.46074050975196,470.0,175.91666666666666,0.28389339513325607,44,10,0,100.0,-0.89,1.0,1976.0
2023-11-06,1210,382,-9.951570680628272,-4.805024110683883,0.20074701431787395,7113.0,7,2023-W45,7.0,251.0,341.0,446.0,431.0,278.5803163059281,1,0,1,1,1,382,358.0,269.0,154.0,111.0,369.75,140.2909314765051,470.0,198.5,0.09205776173285196,45,11,0,11.0,-0.36363636363636365,1.0,2111.0
2023-11-13,1079,251,-9.950199203187251,-4.5736671244357785,0.18576856612291162,3258.0,7,2023-W46,6.0,341.0,446.0,431.0,768.0,299.4793041489802,0,1,1,1,1,251,382.0,358.0,470.0,139.0,315.0,139.6969664103069,470.0,207.83333333333334,-0.1082644628099173,46,11,0,7.0,-0.1428571428571429,1.0,2382.0
2023-11-20,1288,341,-9.87683284457478,-5.274537462533911,0.2961864450176256,3719.0,7,2023-W47,5.0,446.0,431.0,768.0,701.0,305.41976415365616,1,1,1,1,1,341,251.0,382.0,269.0,104.0,333.0,140.4340403782847,470.0,227.58333333333334,0.19369786839666348,47,11,0,6.0,-0.16666666666666663,2.0,2494.0
2023-11-27,1721,446,-9.89237668161435,-5.113468552197922,0.29350298399221475,8324.0,7,2023-W48,6.0,431.0,768.0,701.0,553.0,319.1569063597649,1,1,1,1,1,446,341.0,251.0,358.0,76.0,355.0,144.68112796034865,470.0,258.4166666666667,0.33618012422360244,48,11,1,5.0,0.19999999999999996,1.0,2731.0
2023-12-04,1654,431,-9.909512761020881,-5.310093566030041,0.27267408640154517,3941.0,7,2023-W49,6.0,768.0,701.0,553.0,517.0,344.47549672662944,1,1,1,1,1,431,446.0,341.0,382.0,56.0,367.25,137.29618503164033,470.0,289.6666666666667,-0.03893085415456132,49,12,0,6.0,0.0,1.0,3101.0
2023-12-11,2497,768,-9.916015625,-5.098708950872837,0.26245508167867065,13614.0,7,2023-W50,12.0,701.0,553.0,517.0,1558.0,365.5861874141467,1,1,1,1,1,768,431.0,446.0,251.0,73.0,496.5,178.11102683098503,768.0,347.5833333333333,0.5096735187424426,50,12,0,6.0,1.0,1.0,3476.0
2023-12-18,2643,701,-9.857346647646219,-4.717411575869255,0.3385571586360939,6609.0,7,2023-W51,6.0,553.0,517.0,1558.0,1620.0,437.6819234980485,1,1,1,1,1,701,768.0,431.0,341.0,216.0,586.5,199.30470048737843,768.0,388.0,0.058470164197036434,51,12,0,12.0,-0.5,1.0,4171.0
2023-12-25,1761,553,-9.938517179023508,-5.477933739790411,0.2288502456626468,6381.0,7,2023-W52,7.0,517.0,1558.0,1620.0,1177.0,485.9716650541605,1,1,1,1,1,553,701.0,768.0,446.0,85.0,613.25,179.42078525582863,768.0,427.0,-0.33371169125993194,52,12,0,6.0,0.16666666666666674,1.0,4656.0
2024-01-01,1957,517,-9.91779497098646,-5.34117120286411,0.2793135490033212,5361.0,7,2024-W01,38.0,1558.0,1620.0,1177.0,969.0,510.8751724452789,1,1,1,1,1,517,553.0,701.0,431.0,154.0,634.75,158.60191733336066,768.0,457.25,0.11130039750141973,1,1,0,7.0,4.428571428571429,1.0,5124.0
2024-01-08,6521,1558,-9.926187419768935,-5.515307238222812,0.24767584175795562,29500.0,7,2024-W02,32.0,1620.0,1177.0,969.0,606.0,530.4903051949582,1,1,1,1,0,1558,517.0,553.0,768.0,470.0,832.25,355.4181809268251,1558.0,547.9166666666666,2.3321410321921308,2,1,0,38.0,-0.1578947368421053,1.0,5487.0
2024-01-15,5115,1620,-9.945061728395062,-5.054744091280735,0.2196500302289816,23373.0,7,2024-W03,15.0,1177.0,969.0,606.0,551.0,727.2141798866835,1,1,1,0,0,1620,1558.0,517.0,701.0,269.0,1062.0,458.1594601327041,1620.0,660.5,-0.21561110259162708,3,1,0,32.0,-0.53125,1.0,6575.0
2024-01-22,3384,1177,-9.918436703483433,-4.939087982528575,0.27303709401129095,17251.0,7,2024-W04,10.0,969.0,606.0,551.0,873.0,886.723551977416,1,1,0,0,0,1177,1620.0,1558.0,553.0,358.0,1218.0,469.8529992551829,1620.0,728.75,-0.33841642228739,4,1,0,15.0,-0.33333333333333337,1.0,7926.0
2024-01-29,2739,969,-9.927760577915377,-5.32472745321602,0.24780699395741695,14769.0,7,2024-W05,7.0,606.0,551.0,873.0,470.0,955.6458315190874,1,0,0,0,0,969,1177.0,1620.0,517.0,382.0,1331.0,460.942775650343,1620.0,777.6666666666666,-0.19060283687943258,5,1,0,10.0,-0.30000000000000004,1.0,8745.0
2024-02-05,2290,606,-9.909240924092408,-4.5714572316521895,0.2787464585257228,5241.0,7,2024-W06,5.0,551.0,873.0,470.0,704.0,997.2236424243565,0,0,0,0,0,606,969.0,1177.0,1558.0,251.0,1093.0,434.71414327536706,1620.0,807.25,-0.16392844103687476,6,2,0,7.0,-0.2857142857142857,1.0,9332.0
2024-02-12,1856,551,-9.952813067150636,-4.081420309104355,0.19199024476125004,4477.0,7,2024-W07,5.0,873.0,470.0,704.0,416.0,1009.9318831346899,0,0,0,0,0,551,606.0,969.0,1620.0,341.0,825.75,418.14963067825806,1620.0,824.75,-0.18951965065502185,7,2,0,5.0,0.0,2.0,9687.0
2024-02-19,2184,873,-9.929553264604811,-4.3878413173521285,0.2475048089913588,15550.0,7,2024-W08,5.0,470.0,704.0,416.0,259.0,1019.5504883554206,0,0,0,0,0,873,551.0,606.0,1177.0,446.0,749.75,400.7972358218358,1620.0,860.3333333333334,0.17672413793103448,8,2,0,5.0,0.0,3.0,9897.0
2024-02-26,1567,470,-9.95,-4.419889104397702,0.20945151237008366,5473.0,7,2024-W09,5.0,704.0,416.0,259.0,151.0,1048.7046269363625,0,0,0,0,0,470,873.0,551.0,969.0,431.0,625.0,397.14079443701144,1620.0,863.5833333333334,-0.2825091575091575,9,2,0,5.0,0.0,4.0,10324.0
2024-03-04,1990,704,-9.904119318181818,-4.854653074165749,0.2804133658167792,10497.0,7,2024-W10,4.0,416.0,259.0,151.0,291.0,1054.010257374196,0,0,0,0,0,704,470.0,873.0,606.0,768.0,649.5,398.9666481845774,1620.0,858.25,0.26994256541161454,10,3,0,5.0,-0.19999999999999996,5.0,10363.0
2024-03-11,1497,416,-9.936298076923077,-4.438381763652918,0.2305671323114308,3810.0,7,2024-W11,4.0,259.0,151.0,291.0,285.0,1069.9691248905108,0,0,0,0,0,416,704.0,470.0,551.0,701.0,615.75,417.24278957765756,1177.0,834.5,-0.24773869346733668,11,3,0,4.0,0.0,6.0,10299.0
2024-03-18,1022,259,-9.88030888030888,-4.643898370093217,0.30683161613052246,4022.0,7,2024-W12,4.0,151.0,291.0,285.0,270.0,1073.2714779364603,0,0,0,0,0,259,416.0,704.0,873.0,553.0,462.25,443.1049537073581,969.0,810.0,-0.31730126920507684,12,3,0,4.0,0.0,7.0,10014.0
2024-03-25,830,151,-9.900662251655628,-4.796008528185717,0.28295975891557956,1039.0,7,2024-W13,4.0,291.0,285.0,270.0,310.0,1073.6776524003262,0,0,0,0,0,151,259.0,416.0,470.0,517.0,382.5,476.4481274827493,873.0,779.5,-0.18786692759295498,13,3,0,4.0,0.0,8.0,9720.0
2024-04-01,1135,291,-9.939862542955327,-5.139386087606978,0.22512521038469302,3016.0,7,2024-W14,4.0,285.0,270.0,310.0,267.0,1073.5461108404857,0,0,0,0,0,291,151.0,259.0,704.0,1558.0,279.25,425.95634824012257,873.0,673.9166666666666,0.3674698795180722,14,4,0,4.0,0.0,9.0,9354.0
2024-04-08,919,285,-9.966666666666667,-4.612259091120251,0.16713549084640664,2571.0,7,2024-W15,5.0,270.0,310.0,267.0,84.0,1073.951962107021,0,0,0,0,0,285,291.0,151.0,416.0,1620.0,246.5,316.7291166491222,873.0,562.6666666666666,-0.19030837004405288,15,4,1,4.0,0.25,10.0,8087.0
2024-04-15,928,270,-9.959259259259259,-5.454371147470143,0.18343938204270027,1460.0,7,2024-W16,4.0,310.0,267.0,84.0,194.0,1074.5643068009408,0,0,0,0,0,270,285.0,291.0,259.0,1177.0,249.25,259.92742285398646,704.0,487.0833333333333,0.009793253536452662,16,4,0,5.0,-0.19999999999999996,11.0,6752.0
2024-04-22,908,310,-9.948387096774194,-5.097855375794769,0.1984910189973642,5796.0,7,2024-W17,4.0,267.0,84.0,194.0,172.0,1074.9631751690574,0,0,0,0,0,310,270.0,285.0,151.0,969.0,289.0,214.49934661198768,704.0,432.1666666666667,-0.02155172413793105,17,4,0,4.0,0.0,12.0,5845.0
2024-04-29,938,267,-9.936329588014981,-5.352808026709696,0.22459322458006878,3549.0,7,2024-W18,3.0,84.0,194.0,172.0,498.0,1075.8439911714145,0,0,0,0,0,267,310.0,270.0,291.0,606.0,283.0,211.8307464734878,416.0,403.9166666666667,0.033039647577092435,18,4,1,4.0,-0.25,13.0,5186.0
2024-05-06,554,84,-9.904761904761905,-4.495707517479638,0.284924323880038,891.0,7,2024-W19,3.0,194.0,172.0,498.0,266.0,1075.6955578131424,0,0,0,0,0,84,267.0,310.0,285.0,551.0,232.75,224.85025319895965,310.0,365.0,-0.4093816631130064,19,5,0,3.0,0.0,14.0,4847.0
2024-05-13,936,194,-9.889175257731958,-4.721720489061286,0.2999764070277017,1743.0,7,2024-W20,4.0,172.0,498.0,266.0,372.0,1075.5488890881634,0,0,0,0,0,194,84.0,267.0,270.0,873.0,213.75,162.0580470265531,310.0,308.4166666666667,0.6895306859205776,20,5,0,3.0,0.33333333333333326,15.0,4380.0
2024-05-20,694,172,-9.936046511627907,-4.538586630828356,0.22680738186243452,1638.0,7,2024-W21,5.0,498.0,266.0,372.0,247.0,1074.9232933251196,0,0,0,0,0,172,194.0,84.0,310.0,470.0,179.25,157.8235253424376,310.0,283.5833333333333,-0.2585470085470085,21,5,1,4.0,0.25,16.0,3701.0
2024-05-27,1214,498,-9.940763052208835,-5.5549522038223325,0.2220378909792301,7835.0,7,2024-W22,3.0,266.0,372.0,247.0,235.0,1074.07889077944,0,0,0,0,0,498,172.0,194.0,267.0,704.0,237.0,112.68577254175976,498.0,266.4166666666667,0.7492795389048992,22,5,0,5.0,-0.4,17.0,3403.0
2024-06-03,1085,266,-9.915413533834586,-5.714733816690519,0.27019772292993377,2550.0,7,2024-W23,3.0,372.0,247.0,235.0,85.0,1077.7971105299857,0,0,0,0,0,266,498.0,172.0,84.0,416.0,282.5,102.43797088378783,498.0,253.91666666666666,-0.1062602965403624,23,6,0,3.0,0.0,18.0,3197.0
2024-06-10,1397,372,-9.86021505376344,-5.754739278120711,0.3333695600984987,3918.0,7,2024-W24,3.0,247.0,235.0,85.0,153.0,1077.740225871366,0,0,0,0,0,372,266.0,498.0,194.0,259.0,327.0,107.99102095109802,498.0,263.3333333333333,0.28755760368663585,24,6,1,3.0,0.0,19.0,3047.0
2024-06-17,900,247,-9.82591093117409,-5.547466289941739,0.374568423962321,3434.0,7,2024-W25,3.0,235.0,85.0,153.0,630.0,1078.8492543040695,0,0,0,0,0,247,372.0,266.0,172.0,151.0,345.75,102.31976022906436,498.0,271.3333333333333,-0.35576234788833216,25,6,1,3.0,0.0,20.0,3160.0
2024-06-24,803,235,-9.851063829787234,-4.727160223121163,0.3507454457341091,2585.0,7,2024-W26,2.0,85.0,153.0,630.0,318.0,1078.008841925431,0,0,0,0,0,235,247.0,372.0,498.0,291.0,280.0,102.61785537821441,498.0,266.6666666666667,-0.10777777777777775,26,6,0,3.0,-0.33333333333333337,21.0,3256.0
2024-07-01,562,85,-9.9,-4.070914466915333,0.26502470684465473,461.0,7,2024-W27,2.0,153.0,630.0,318.0,254.0,1076.6696251826509,0,0,0,0,0,85,235.0,247.0,266.0,285.0,234.75,114.87859203999147,498.0,250.0,-0.3001245330012453,27,7,1,2.0,0.0,22.0,3200.0
2024-07-08,761,153,-9.879084967320262,-4.441479290479663,0.3194678129679605,2020.0,7,2024-W28,3.0,630.0,318.0,254.0,283.0,1076.775775917015,0,0,0,0,0,153,85.0,235.0,372.0,270.0,180.0,117.9507794108892,498.0,240.25,0.3540925266903914,28,7,0,2.0,0.5,23.0,3000.0
2024-07-15,1876,630,-9.934126984126983,-5.819828320743922,0.2291071695455078,7499.0,7,2024-W29,5.0,318.0,254.0,283.0,175.0,1076.84778707155,0,0,0,0,0,630,153.0,85.0,247.0,310.0,275.75,162.80018892848807,630.0,266.9166666666667,1.4651773981603156,29,7,0,3.0,0.6666666666666667,24.0,2883.0
2024-07-22,1374,318,-9.872641509433961,-5.683640502553817,0.31817689032937313,3120.0,7,2024-W30,3.0,254.0,283.0,175.0,205.0,1086.1385598352608,0,0,0,0,0,318,630.0,153.0,235.0,267.0,296.5,163.46689035527695,630.0,271.1666666666667,-0.267590618336887,30,7,0,5.0,-0.4,25.0,3203.0
2024-07-29,968,254,-9.940944881889763,-5.363827336218128,0.20482493468077126,3404.0,7,2024-W31,2.0,283.0,175.0,205.0,135.0,1085.7319385406195,0,0,0,0,0,254,318.0,630.0,85.0,84.0,338.75,152.78941737111884,630.0,285.3333333333333,-0.2954876273653566,31,7,0,3.0,-0.33333333333333337,26.0,3254.0
2024-08-05,831,283,-9.96643109540636,-5.31177719775966,0.16233114966085313,2013.0,7,2024-W32,3.0,175.0,205.0,135.0,145.0,1085.2587573744854,0,0,0,0,0,283,254.0,318.0,153.0,194.0,371.25,150.08914018009398,630.0,292.75,-0.14152892561983466,32,8,0,2.0,0.5,27.0,3424.0
2024-08-12,669,175,-9.911428571428571,-7.05705335869431,0.2442104667137449,3007.0,7,2024-W33,3.0,205.0,135.0,145.0,330.0,1085.3645979515552,0,0,0,0,0,175,283.0,254.0,630.0,172.0,257.5,149.87206665565222,630.0,293.0,-0.19494584837545126,33,8,0,3.0,0.0,28.0,3513.0
2024-08-19,770,205,-9.91219512195122,-5.715563335389032,0.27043458303548806,1871.0,7,2024-W34,2.0,135.0,145.0,330.0,282.0,1084.6532952754699,0,0,0,0,0,205,175.0,283.0,318.0,498.0,229.25,136.7289676917825,630.0,268.5833333333333,0.1509715994020926,34,8,0,3.0,-0.33333333333333337,29.0,3516.0
2024-08-26,702,135,-9.91851851851852,-5.352877127661474,0.253390497172823,1187.0,7,2024-W35,2.0,145.0,330.0,282.0,336.0,1084.126309502588,0,0,0,0,0,135,205.0,175.0,254.0,266.0,199.5,142.07893665995724,630.0,257.6666666666667,-0.08831168831168834,35,8,0,2.0,0.0,30.0,3223.0
2024-09-02,608,145,-9.913793103448276,-5.347599257785619,0.2722388375568952,1486.0,7,2024-W36,3.0,330.0,282.0,336.0,696.0,1083.6848170403644,0,0,0,0,0,145,135.0,205.0,283.0,372.0,165.0,140.5761682893263,630.0,238.75,-0.1339031339031339,36,9,0,2.0,0.5,31.0,3092.0
2024-09-09,1120,330,-9.893939393939394,-6.163241179743417,0.29062284434147223,2674.0,7,2024-W37,3.0,282.0,336.0,696.0,161.0,1082.6163015054603,0,0,0,0,0,330,145.0,135.0,175.0,247.0,203.75,143.03930377432042,330.0,245.66666666666666,0.8421052631578947,37,9,0,3.0,0.0,32.0,2865.0
2024-09-16,1143,282,-9.960992907801419,-5.12485161448136,0.17464679135008815,4150.0,7,2024-W38,3.0,336.0,696.0,161.0,217.0,1080.8484885459316,0,0,0,0,0,282,330.0,145.0,205.0,235.0,223.0,143.36378288265183,330.0,249.58333333333334,0.020535714285714324,38,9,0,3.0,0.0,33.0,2948.0
2024-09-23,1521,336,-9.97172619047619,-5.385007903207166,0.14436064715267713,5258.0,7,2024-W39,6.0,696.0,161.0,217.0,127.0,1078.9495740234802,0,0,0,0,0,336,282.0,330.0,135.0,85.0,273.25,135.2489287472275,336.0,270.5,0.3307086614173229,39,9,1,3.0,1.0,34.0,2995.0
2024-09-30,1606,696,-9.966235632183908,-5.457246831360371,0.17156301087280895,9402.0,7,2024-W40,3.0,161.0,217.0,127.0,134.0,1079.20023880388,0,0,0,0,0,696,336.0,282.0,145.0,153.0,411.0,176.8122399095099,696.0,315.75,0.05588428665351741,40,9,0,6.0,-0.5,35.0,3246.0
2024-10-07,765,161,-9.925465838509316,-5.731811817094879,0.28068654739441784,1885.0,7,2024-W41,3.0,217.0,127.0,134.0,151.0,1088.2816945107222,0,0,0,0,0,161,696.0,336.0,330.0,630.0,368.75,150.9824392758869,696.0,276.6666666666667,-0.5236612702366127,41,10,0,3.0,0.0,36.0,3789.0
2024-10-14,988,217,-9.960829493087557,-4.564012209545221,0.19144976484567433,2765.0,7,2024-W42,3.0,127.0,134.0,151.0,154.0,1088.185457255455,0,0,0,0,0,217,161.0,696.0,282.0,318.0,352.5,151.28367393740774,696.0,268.25,0.2915032679738563,42,10,1,3.0,0.0,37.0,3320.0
2024-10-21,623,127,-9.893700787401574,-4.459094796092586,0.3653109203013771,1613.0,7,2024-W43,3.0,134.0,151.0,154.0,144.0,1085.9543616210149,0,0,0,0,0,127,217.0,161.0,336.0,254.0,300.25,156.71591746813306,696.0,257.6666666666667,-0.36943319838056676,43,10,0,3.0,0.0,38.0,3219.0
2024-10-28,535,134,-9.902985074626866,-4.032949558052328,0.28415295534482365,783.0,7,2024-W44,5.0,151.0,154.0,144.0,72.0,1087.0871909916482,0,0,0,0,0,134,127.0,217.0,696.0,283.0,159.75,160.385969121083,696.0,245.25,-0.1412520064205457,44,10,0,3.0,0.6666666666666667,39.0,3092.0
2024-11-04,585,151,-9.937086092715232,-4.734713893884924,0.23312826056050073,2512.0,7,2024-W45,3.0,154.0,144.0,72.0,89.0,1087.471687616787,0,0,0,0,0,151,134.0,127.0,161.0,175.0,157.25,161.4874748872322,696.0,243.25,0.09345794392523366,45,11,0,5.0,-0.4,40.0,2943.0
2024-11-11,558,154,-9.944805194805195,-4.820738805205804,0.19437925593086375,773.0,7,2024-W46,3.0,144.0,72.0,89.0,97.0,1087.161958006964,0,0,0,0,0,154,151.0,134.0,217.0,205.0,141.5,163.24716341681489,696.0,239.0,-0.0461538461538461,46,11,0,3.0,0.0,41.0,2919.0
2024-11-18,608,144,-9.934027777777779,-4.459590562304069,0.23834017953555645,887.0,7,2024-W47,3.0,72.0,89.0,97.0,856.0,1087.7126596379408,0,0,0,0,0,144,154.0,151.0,127.0,135.0,145.75,162.74582804316196,696.0,239.75,0.08960573476702516,47,11,0,3.0,0.0,42.0,2868.0
2024-11-25,459,72,-9.944444444444445,-5.12205092624608,0.23066889195376988,490.0,7,2024-W48,3.0,89.0,97.0,856.0,853.0,1087.8275037314875,0,0,0,0,0,72,144.0,154.0,134.0,145.0,130.25,167.89246197455884,217.0,233.66666666666666,-0.24506578947368418,48,11,1,3.0,0.0,43.0,2877.0
2024-12-02,598,89,-9.94943820224719,-4.791716950073198,0.15160024848985557,819.0,7,2024-W49,3.0,97.0,856.0,853.0,578.0,1087.040688482968,0,0,0,0,0,89,72.0,144.0,151.0,330.0,114.75,169.72569223915542,217.0,213.58333333333334,0.30283224400871456,49,12,0,3.0,0.0,44.0,2804.0
2024-12-09,537,97,-9.824742268041238,-5.014925874637076,0.3538570002590063,551.0,7,2024-W50,3.0,856.0,853.0,578.0,350.0,1085.9620252984232,0,0,0,0,0,97,89.0,72.0,154.0,282.0,100.5,171.34061415964973,154.0,198.16666666666666,-0.10200668896321075,50,12,0,3.0,0.0,45.0,2563.0
2024-12-16,1818,856,-9.924065420560748,-5.467666022627072,0.24794890139593007,17371.0,7,2024-W51,5.0,853.0,578.0,350.0,344.0,1069.8683097987973,0,0,0,0,0,856,97.0,89.0,144.0,336.0,278.5,254.79885114626094,856.0,241.5,2.3854748603351954,51,12,0,3.0,0.6666666666666667,46.0,2378.0
2024-12-23,2400,853,-9.91617819460727,-5.205222345234053,0.22662232266394378,10351.0,7,2024-W52,3.0,578.0,350.0,344.0,141.0,1079.777018447362,0,0,0,0,0,853,856.0,97.0,72.0,696.0,473.75,282.75510069616223,856.0,254.58333333333334,0.3201320132013201,52,12,0,5.0,-0.4,47.0,2898.0
2024-12-30,1927,578,-9.913494809688581,-5.158321045829915,0.24865231370314825,4332.0,7,2025-W01,3.0,350.0,344.0,141.0,44.0,1096.0933754879509,0,0,0,0,0,578,853.0,856.0,89.0,161.0,596.0,295.54336194182855,856.0,289.3333333333333,-0.1970833333333334,1,12,0,3.0,0.0,48.0,3055.0
2025-01-06,1345,350,-9.928571428571429,-4.9208893272963605,0.23767188450207377,2622.0,7,2025-W02,3.0,344.0,141.0,44.0,54.0,1098.3121859745738,0,0,0,0,0,350,578.0,853.0,97.0,217.0,659.25,295.0776348794678,856.0,300.4166666666667,-0.3020238713025428,2,1,0,3.0,0.0,49.0,3472.0
2025-01-13,1334,344,-9.9375,-5.333464937156243,0.20846691538586076,3664.0,7,2025-W03,2.0,141.0,44.0,54.0,100.0,993.4639613224128,0,0,0,0,0,344,350.0,578.0,856.0,127.0,531.25,290.09105153695805,856.0,318.5,-0.008178438661710086,3,1,0,3.0,-0.33333333333333337,50.0,3605.0
2025-01-20,1555,141,-9.900709219858156,-5.530279283614313,0.24799091397546583,1524.0,7,2025-W04,2.0,44.0,54.0,100.0,71.0,859.0119046610237,0,0,0,0,0,141,344.0,350.0,853.0,134.0,353.25,289.6930847178324,856.0,319.0833333333333,0.1656671664167917,4,1,0,2.0,0.0,51.0,3822.0
2025-01-27,526,44,-9.863636363636363,-4.864506202152101,0.31185186487125355,310.0,7,2025-W05,2.0,54.0,100.0,71.0,41.0,785.1272913748127,0,0,0,0,0,44,141.0,344.0,578.0,151.0,219.75,296.89417561675305,856.0,310.1666666666667,-0.6617363344051447,5,1,0,2.0,0.0,52.0,3829.0
2025-02-03,543,54,-9.842592592592593,-7.067941194953589,0.3044338090538539,308.0,7,2025-W06,2.0,100.0,71.0,41.0,80.0,736.4287585686067,0,0,0,0,0,54,44.0,141.0,350.0,154.0,145.75,303.01630119166634,856.0,301.8333333333333,0.0323193916349811,6,2,0,2.0,0.0,53.0,3722.0
2025-02-10,901,100,-9.88,-5.496423950412873,0.28533163409292883,886.0,7,2025-W07,2.0,71.0,41.0,80.0,436.0,723.1256102710968,0,0,0,0,0,100,54.0,44.0,344.0,144.0,84.75,305.3569694437621,853.0,298.1666666666667,0.6593001841620627,7,2,0,2.0,0.0,54.0,3622.0
2025-02-17,360,71,-9.93661971830986,-5.443904688819374,0.23799125831468085,513.0,7,2025-W08,3.0,41.0,80.0,436.0,1022.0,711.8131513604435,0,0,0,0,1,71,100.0,54.0,141.0,72.0,67.25,305.42443146109514,578.0,298.0833333333333,-0.6004439511653719,8,2,0,2.0,0.5,55.0,3578.0
2025-02-24,323,41,-9.878048780487806,-5.441240730184727,0.29112900501491734,454.0,7,2025-W09,2.0,80.0,436.0,1022.0,1033.0,667.0437310237646,0,0,0,1,1,41,71.0,100.0,44.0,89.0,66.5,308.7082937111675,350.0,294.0833333333333,-0.10277777777777775,9,2,0,3.0,-0.33333333333333337,56.0,3577.0
2025-03-03,855,80,-9.88125,-4.2797045798357285,0.26676389314062765,396.0,7,2025-W10,3.0,436.0,1022.0,1033.0,600.0,660.0343139980283,0,0,1,1,0,80,41.0,71.0,54.0,97.0,73.0,309.73224017861054,344.0,292.6666666666667,1.6470588235294117,10,3,0,2.0,0.5,57.0,3529.0
2025-03-10,1675,436,-9.912844036697248,-5.402695636967788,0.24536191141567362,5894.0,7,2025-W11,12.0,1022.0,1033.0,600.0,340.0,631.2733012393478,0,1,1,0,0,436,80.0,41.0,100.0,856.0,157.0,260.03053433756327,436.0,257.6666666666667,0.9590643274853801,11,3,0,3.0,3.0,58.0,3512.0
2025-03-17,3325,1022,-9.925146771037182,-5.401308049817439,0.22354925262459502,11758.0,7,2025-W12,23.0,1033.0,600.0,340.0,539.0,632.371844786906,1,1,0,0,0,1022,436.0,80.0,71.0,853.0,394.75,297.1345348797102,1022.0,271.75,0.9850746268656716,12,3,0,12.0,0.9166666666666667,59.0,3092.0
2025-03-24,7641,1033,-9.934172313649565,-4.169314866604402,0.22452300284462304,14620.0,7,2025-W13,6.0,600.0,340.0,539.0,497.0,702.8893386085546,1,0,0,0,0,1033,1022.0,436.0,41.0,578.0,642.75,361.76821643732376,1033.0,309.6666666666667,1.298045112781955,13,3,1,23.0,-0.7391304347826086,1.0,3261.0
2025-03-31,2843,600,-9.9575,-4.554744019372058,0.19452544885031725,7812.0,7,2025-W14,5.0,340.0,539.0,497.0,727.0,767.3938960769601,0,0,0,0,0,600,1033.0,1022.0,80.0,350.0,772.75,371.373005334137,1033.0,330.5,-0.627928281638529,14,3,1,6.0,-0.16666666666666663,1.0,3716.0
2025-04-07,1542,340,-9.958823529411765,-5.186339008293205,0.16672738786298053,2674.0,7,2025-W15,5.0,539.0,497.0,727.0,879.0,781.1562539435417,0,0,0,0,1,340,600.0,1033.0,436.0,344.0,748.75,371.36158153802626,1033.0,330.1666666666667,-0.45761519521632077,15,4,0,5.0,0.0,2.0,3966.0
2025-04-14,1886,539,-9.933209647495362,-5.460687408150733,0.2094227653048791,4493.0,7,2025-W16,4.0,497.0,727.0,879.0,294.0,782.3913347664726,0,0,0,1,0,539,340.0,600.0,1022.0,141.0,628.0,370.7033445991142,1033.0,363.3333333333333,0.22308690012970178,16,4,0,5.0,-0.19999999999999996,3.0,3962.0
2025-04-21,2775,497,-9.925553319919517,-5.324902600046933,0.2322118090627387,4252.0,7,2025-W17,4.0,727.0,879.0,294.0,202.0,792.2406406734693,0,0,1,0,0,497,539.0,340.0,1033.0,44.0,494.0,358.07857399112146,1033.0,401.0833333333333,0.4713679745493107,17,4,0,4.0,0.0,4.0,4360.0
2025-04-28,2737,727,-9.941540577716644,-5.365395160979849,0.18838692728123405,9735.0,7,2025-W18,7.0,879.0,294.0,202.0,245.0,798.9028492170394,0,1,0,0,0,727,497.0,539.0,600.0,54.0,525.75,351.41708794105267,1033.0,457.1666666666667,-0.013693693693693665,18,4,1,4.0,0.75,5.0,4813.0
2025-05-05,2777,879,-9.972127417519909,-5.293879404909373,0.14145003113794913,9873.0,7,2025-W19,4.0,294.0,202.0,245.0,321.0,821.4130250943724,1,0,0,0,0,879,727.0,497.0,340.0,100.0,660.5,351.3918968210778,1033.0,522.0833333333334,0.01461454146876151,19,5,0,7.0,-0.4285714285714286,6.0,5486.0
2025-05-12,1162,294,-9.943877551020408,-5.201662441022676,0.22493062708945552,2326.0,7,2025-W20,3.0,202.0,245.0,321.0,,856.2617395438892,0,0,0,0,,294,879.0,727.0,539.0,71.0,599.25,330.6523396211942,1033.0,540.6666666666666,-0.5815628375945265,20,5,0,4.0,-0.25,1.0,6265.0
2025-05-19,803,202,-9.903465346534654,-5.616579295011187,0.27197064387810554,1264.0,7,2025-W21,3.0,245.0,321.0,,,856.9596000350348,0,0,0,,,202,294.0,879.0,497.0,41.0,525.5,311.23053669217103,879.0,554.0833333333334,-0.3089500860585198,21,5,1,3.0,0.0,2.0,6488.0
2025-05-26,948,245,-9.924489795918367,-5.550670850921412,0.24672495159531857,1822.0,7,2025-W22,3.0,321.0,,,,856.9091825108014,0,0,,,,245,202.0,294.0,727.0,80.0,405.0,291.3944010609964,879.0,567.8333333333334,0.18057285180572857,22,5,0,3.0,0.0,3.0,6649.0
2025-06-02,1502,321,-9.802180685358255,-5.607162491036388,0.26033916292171483,3299.0,7,2025-W23,4.0,,,,,850.3283002660692,0,,,,,321,245.0,202.0,879.0,436.0,265.5,297.9417652068023,879.0,558.25,0.5843881856540085,23,6,1,3.0,0.33333333333333326,4.0,6814.0
2025-06-09,928,237,-9.879746835443038,-5.253532322956429,0.25061606136160053,1766.0,5,2025-W24,6.0,,,,552.0,851.1364597939589,0,,,,0,237,321.0,245.0,294.0,1022.0,251.25,271.9036705537568,879.0,492.8333333333333,-0.38215712383488687,24,6,1,4.0,0.5,5.0,6699.0
2025-06-16,4,1,-10.0,-1.81818181818182,0.25061606136160053,5.0,0,2025-W25,13.0,,,552.0,409.0,848.9161814063486,0,,,0,0,1,237.0,321.0,202.0,1033.0,201.0,247.64631426632786,879.0,406.8333333333333,-0.9956896551724138,25,6,0,6.0,1.1666666666666665,6.0,5914.0
2025-06-23,9,0,-10.0,-1.81818181818182,0.25061606136160053,,0,2025-W26,3.0,,552.0,409.0,197.0,851.2961766587015,0,,0,0,0,0,1.0,237.0,245.0,600.0,139.75,265.0584269495493,879.0,356.8333333333333,1.25,26,6,1,13.0,-0.7692307692307692,7.0,4882.0
2025-06-30,510,148,-9.925675675675675,-5.20712050899439,0.22104317355297481,1546.0,5,2025-W27,4.0,552.0,409.0,197.0,169.0,853.5463380436911,0,0,0,0,0,148,0.0,1.0,321.0,340.0,96.5,271.8742467770824,321.0,340.8333333333333,55.666666666666664,27,6,0,3.0,0.33333333333333326,8.0,4282.0
2025-07-07,2335,552,-9.91213768115942,-5.230725478760945,0.2760516191511882,6585.0,7,2025-W28,3.0,409.0,197.0,169.0,100.0,852.9574359563453,0,0,0,0,0,552,148.0,0.0,237.0,539.0,175.25,272.76012049662467,552.0,341.9166666666667,3.5784313725490193,28,7,0,4.0,-0.25,9.0,4090.0
2025-07-14,2307,409,-9.82640586797066,-4.279061192375665,0.374345234342961,4179.0,7,2025-W29,3.0,197.0,169.0,100.0,137.0,862.6467594283102,0,0,0,0,0,409,552.0,148.0,1.0,497.0,277.25,269.3735015426224,552.0,334.5833333333333,-0.011991434689507474,29,7,0,3.0,0.0,10.0,4103.0
2025-07-21,1017,197,-9.913705583756345,-5.322860490709334,0.2627658510321737,1236.0,7,2025-W30,3.0,169.0,100.0,137.0,154.0,851.9489675718845,0,0,0,0,0,197,409.0,552.0,0.0,727.0,326.5,241.15497029290015,552.0,290.4166666666667,-0.5591677503250976,30,7,0,3.0,0.0,11.0,4015.0
2025-07-28,1074,169,-9.908284023668639,-5.747218677751587,0.2653434697625297,1452.0,7,2025-W31,4.0,100.0,137.0,154.0,462.0,850.661624519131,0,0,0,0,0,169,197.0,409.0,148.0,879.0,331.75,155.50979215002934,552.0,231.25,0.05604719764011801,31,7,0,3.0,0.33333333333333326,12.0,3485.0
2025-08-04,780,100,-9.895,-6.943639060351274,0.3039720215726931,2313.0,7,2025-W32,5.0,137.0,154.0,462.0,376.0,850.3028740707285,0,0,0,0,0,100,169.0,197.0,552.0,294.0,218.75,158.44956658670614,552.0,215.08333333333334,-0.2737430167597765,32,8,0,4.0,0.25,13.0,2775.0
2025-08-11,740,137,-9.941605839416058,-5.156520732191347,0.21061616040673167,1457.0,7,2025-W33,5.0,154.0,462.0,376.0,301.0,849.9834136750558,0,0,0,0,0,137,100.0,169.0,409.0,202.0,150.75,160.0405251708753,552.0,209.66666666666666,-0.05128205128205132,33,8,0,5.0,0.0,14.0,2581.0
2025-08-18,664,154,-9.925324675324676,-5.627648215944733,0.2542608634993015,1191.0,7,2025-W34,5.0,462.0,376.0,301.0,187.0,850.0985921951809,0,0,0,0,0,154,137.0,100.0,197.0,245.0,140.0,160.3697196159451,552.0,202.08333333333334,-0.10270270270270265,34,8,0,5.0,0.0,15.0,2516.0
2025-08-25,1463,462,-9.918831168831169,-5.590122674771248,0.289760799065344,8258.0,7,2025-W35,7.0,376.0,301.0,187.0,194.0,850.0713735409272,0,0,0,0,0,462,154.0,137.0,169.0,321.0,213.25,174.4241608229426,552.0,213.83333333333334,1.2033132530120483,35,8,0,5.0,0.3999999999999999,16.0,2425.0
2025-09-01,1247,376,-9.930851063829786,-6.837526412346968,0.2377793243581085,3447.0,7,2025-W36,7.0,301.0,187.0,194.0,120.0,855.7566057718791,0,0,0,0,0,376,462.0,154.0,100.0,237.0,282.25,180.6082945509589,462.0,225.41666666666666,-0.14764183185235813,36,9,0,7.0,0.0,17.0,2566.0
2025-09-08,956,301,-9.863787375415283,-6.49962748239432,0.32101548452801343,3630.0,7,2025-W37,6.0,187.0,194.0,120.0,97.0,858.3180007845103,0,0,0,0,0,301,376.0,462.0,137.0,1.0,323.25,166.96840111139844,462.0,250.41666666666666,-0.23336006415396948,37,9,0,7.0,-0.1428571428571429,18.0,2705.0
2025-09-15,895,187,-9.871657754010695,-6.222354121735408,0.32725467784803813,1861.0,7,2025-W38,7.0,194.0,120.0,97.0,176.0,857.7731591031986,0,0,0,0,0,187,301.0,376.0,154.0,0.0,331.5,149.25938374642814,462.0,266.0,-0.06380753138075312,38,9,0,6.0,0.16666666666666674,19.0,3005.0
2025-09-22,943,194,-9.873711340206185,-6.131047871236472,0.3067118598105616,1739.0,7,2025-W39,6.0,120.0,97.0,176.0,116.0,857.0893294279444,0,0,0,0,0,194,187.0,301.0,462.0,148.0,264.5,146.51889939112885,462.0,269.8333333333333,0.05363128491620106,39,9,1,7.0,-0.1428571428571429,20.0,3192.0
2025-09-29,489,120,-9.804166666666667,-6.749115971494455,0.37960524239797133,1120.0,7,2025-W40,5.0,97.0,176.0,116.0,76.0,855.3891557078498,0,0,0,0,0,120,194.0,187.0,376.0,552.0,200.5,121.88879681036587,462.0,233.83333333333334,-0.48144220572640506,40,9,0,6.0,-0.16666666666666663,21.0,3238.0
2025-10-06,490,97,-9.896907216494846,-4.984988319418453,0.28811658818068675,953.0,7,2025-W41,5.0,176.0,116.0,76.0,39.0,835.9215783951919,0,0,0,0,0,97,120.0,194.0,301.0,409.0,149.5,114.15844916234362,462.0,207.83333333333334,0.002044989775051187,41,10,0,5.0,0.0,22.0,2806.0
2025-10-13,859,176,-9.957386363636363,-5.430128100217371,0.19900319778152498,1991.0,7,2025-W42,4.0,116.0,76.0,39.0,60.0,836.3168879584086,0,0,0,0,0,176,97.0,120.0,187.0,197.0,146.75,114.50006616380196,462.0,206.08333333333334,0.7530612244897958,42,10,1,5.0,-0.19999999999999996,23.0,2494.0
2025-10-20,886,116,-9.801724137931034,-5.046067228898585,0.38942159083991934,1636.0,7,2025-W43,4.0,76.0,39.0,60.0,32.0,836.1563284881224,0,0,0,0,0,116,176.0,97.0,194.0,169.0,127.25,117.05424797800738,376.0,201.66666666666666,0.03143189755529696,43,10,0,4.0,0.0,24.0,2473.0
2025-10-27,440,76,-9.947368421052632,-6.534904493167822,0.19285482222682535,472.0,7,2025-W44,5.0,39.0,60.0,32.0,101.0,836.2330931163956,0,0,0,0,0,76,116.0,176.0,120.0,100.0,116.25,119.13577688223303,301.0,199.66666666666666,-0.5033860045146727,44,10,0,4.0,0.25,25.0,2420.0
2025-11-03,382,39,-9.85897435897436,-4.352619890942511,0.27977241570318195,224.0,7,2025-W45,4.0,60.0,32.0,101.0,335.0,836.7693447791315,0,0,0,0,0,39,76.0,116.0,97.0,137.0,101.75,126.92624916569703,194.0,191.5,-0.13181818181818183,45,11,0,5.0,-0.19999999999999996,26.0,2396.0
2025-11-10,379,60,-9.891666666666667,-4.528387862104352,0.29244247104354815,213.0,7,2025-W46,5.0,32.0,101.0,335.0,139.0,837.9264863129256,0,0,0,0,0,60,39.0,76.0,176.0,154.0,72.75,132.24036884217705,194.0,183.66666666666666,-0.007853403141361293,46,11,0,4.0,0.25,27.0,2298.0
2025-11-17,425,32,-9.75,-5.091270909850078,0.42121176958711615,256.0,7,2025-W47,5.0,101.0,335.0,139.0,180.0,838.6924298092571,0,0,0,0,0,32,60.0,39.0,116.0,462.0,51.75,105.52365812576016,176.0,147.83333333333334,0.12137203166226906,47,11,0,5.0,0.0,28.0,2204.0
2025-11-24,568,101,-9.787128712871286,-6.101806290764112,0.3830570104662315,905.0,7,2025-W48,7.0,335.0,139.0,180.0,144.0,839.8627542705194,0,0,0,0,0,101,32.0,60.0,76.0,376.0,58.0,77.64658668764721,176.0,124.91666666666667,0.3364705882352941,48,11,1,5.0,0.3999999999999999,29.0,1774.0
2025-12-01,1407,335,-9.735820895522387,-4.532363859113328,0.27830834821797523,3178.0,7,2025-W49,7.0,139.0,180.0,144.0,378.0,839.5587411800759,0,0,0,0,0,335,101.0,32.0,39.0,301.0,132.0,84.934332923093,335.0,127.75,1.477112676056338,49,12,0,7.0,0.0,30.0,1499.0
2025-12-08,852,139,-9.87410071942446,-3.882787896735989,0.2698196202340498,905.0,7,2025-W50,6.0,180.0,144.0,378.0,221.0,841.3087110528187,0,0,0,0,0,139,335.0,101.0,60.0,187.0,151.75,82.9984939622394,335.0,123.75,-0.394456289978678,50,12,0,7.0,-0.1428571428571429,31.0,1533.0
2025-12-15,640,180,-9.8,-5.285464880603086,0.25125383901566833,1280.0,7,2025-W51,4.0,144.0,378.0,221.0,90.0,841.0177601441983,0,0,0,0,0,180,139.0,335.0,32.0,194.0,188.75,82.01381073645487,335.0,122.58333333333333,-0.24882629107981225,51,12,0,6.0,-0.33333333333333337,32.0,1485.0
2025-12-22,1213,144,-9.729166666666666,-4.908396747929439,0.359073204839301,4324.0,7,2025-W52,13.0,378.0,221.0,90.0,127.0,805.5073023339928,0,0,0,0,0,144,180.0,139.0,101.0,120.0,199.5,82.23741499002941,335.0,124.58333333333333,0.8953125,52,12,0,4.0,2.25,33.0,1471.0
2025-12-29,2921,378,-9.904761904761905,-4.49930212261869,0.21589016617239234,5926.0,7,2026-W01,11.0,221.0,90.0,127.0,66.0,767.8583958719637,0,0,0,0,0,378,144.0,180.0,335.0,97.0,210.25,109.24201655873104,378.0,148.0,1.4080791426215993,1,12,0,13.0,-0.15384615384615385,34.0,1495.0
2026-01-05,2273,221,-9.850678733031675,-4.30537053900481,0.24838019052585547,2382.0,7,2026-W02,6.0,90.0,127.0,66.0,69.0,757.4022408564081,0,0,0,0,0,221,378.0,144.0,139.0,176.0,230.75,111.04800354310282,378.0,151.75,-0.2218418349880178,2,1,0,11.0,-0.4545454545454546,35.0,1776.0
2026-01-12,813,90,-9.883333333333333,-3.0368139695146117,0.24915587828785665,927.0,7,2026-W03,5.0,127.0,66.0,69.0,63.0,754.5496025283616,0,0,0,0,0,90,221.0,378.0,180.0,116.0,208.25,112.05798688287378,378.0,149.58333333333334,-0.6423229212494501,3,1,0,6.0,-0.16666666666666663,36.0,1821.0
2026-01-19,856,127,-9.858267716535433,-6.026486675002859,0.3205751143640226,689.0,7,2026-W04,5.0,66.0,69.0,63.0,59.0,751.5734893962917,0,0,0,0,0,127,90.0,221.0,144.0,76.0,204.0,109.9610123744963,378.0,153.83333333333334,0.052890528905289,4,1,0,5.0,0.0,37.0,1795.0
2026-01-26,542,66,-9.909090909090908,-4.501041537854587,0.2132007163556104,635.0,7,2026-W05,5.0,69.0,63.0,59.0,89.0,751.589328447501,0,0,0,0,0,66,127.0,90.0,378.0,39.0,126.0,107.64964918520106,378.0,156.08333333333334,-0.366822429906542,5,1,0,5.0,0.0,38.0,1846.0
2026-02-02,623,69,-9.833333333333334,-5.306246854486361,0.31700188655342665,436.0,7,2026-W06,4.0,63.0,59.0,89.0,146.0,751.2858155800941,0,0,0,0,0,69,66.0,127.0,221.0,60.0,88.0,106.94844410728744,378.0,156.83333333333334,0.14944649446494473,6,2,0,5.0,-0.19999999999999996,39.0,1873.0
2026-02-09,531,63,-9.785714285714286,-5.61241208742506,0.34447582566857443,474.0,7,2026-W07,5.0,59.0,89.0,146.0,108.0,751.0930318302545,0,0,0,0,0,63,69.0,66.0,90.0,32.0,81.25,103.99253324011708,378.0,159.41666666666666,-0.1476725521669342,7,2,0,4.0,0.25,40.0,1882.0
2026-02-16,403,59,-9.822033898305085,-4.932352486778311,0.3316977210374496,444.0,7,2026-W08,7.0,89.0,146.0,108.0,77.0,751.4480970773994,0,0,0,0,0,59,63.0,69.0,127.0,101.0,64.25,106.80607603871499,378.0,155.91666666666666,-0.24105461393596983,8,2,0,5.0,0.3999999999999999,41.0,1913.0
2026-02-23,548,89,-9.898876404494382,-5.936053265818929,0.2838430992733619,340.0,7,2026-W09,21.0,146.0,108.0,77.0,248.0,751.5935020185261,0,0,0,0,0,89,59.0,63.0,66.0,335.0,70.0,91.8728947398452,221.0,135.41666666666666,0.35980148883374685,9,2,0,7.0,2.0,42.0,1871.0
2026-03-02,796,146,-9.941780821917808,-4.250058168695432,0.23126543916850842,1213.0,7,2026-W10,14.0,108.0,77.0,248.0,196.0,751.0074824790138,0,0,0,0,0,146,89.0,59.0,69.0,139.0,89.25,91.91992562699677,146.0,136.0,0.45255474452554734,10,3,0,21.0,-0.33333333333333337,43.0,1625.0
2026-03-09,516,108,-9.949074074074074,-6.7635801857184905,0.1926186345787582,499.0,7,2026-W11,11.0,77.0,248.0,196.0,79.0,750.6922911839843,0,0,0,0,0,108,146.0,89.0,63.0,180.0,100.5,91.13326904743742,146.0,130.0,-0.3517587939698492,11,3,0,14.0,-0.2142857142857143,44.0,1632.0
2026-03-16,530,77,-9.96103896103896,-5.190705789474647,0.13490332226005808,478.0,7,2026-W12,17.0,248.0,196.0,79.0,60.0,743.7490123560508,0,0,0,0,0,77,108.0,146.0,59.0,144.0,105.0,92.24321441743287,146.0,124.41666666666667,0.027131782945736482,12,3,1,11.0,0.5454545454545454,45.0,1560.0
2026-03-23,888,248,-9.897177419354838,-5.394456164134591,0.28546449252419975,2967.0,7,2026-W13,18.0,196.0,79.0,60.0,53.0,677.2432942229831,0,0,0,0,0,248,77.0,108.0,89.0,378.0,144.75,62.636698991932434,248.0,113.58333333333333,0.6754716981132076,13,3,1,17.0,0.05882352941176472,46.0,1493.0
2026-03-30,726,196,-9.915816326530612,-4.874175280906297,0.3150984330353107,3644.0,7,2026-W14,10.0,79.0,60.0,53.0,65.0,600.3189326069376,0,0,0,0,0,196,248.0,77.0,146.0,221.0,157.25,59.052365051551554,248.0,111.5,-0.18243243243243246,14,3,0,18.0,-0.4444444444444444,47.0,1363.0
2026-04-06,405,79,-9.905063291139241,-5.332758646126714,0.2664576428441402,724.0,7,2026-W15,7.0,60.0,53.0,65.0,48.0,577.2402157756471,0,0,0,0,0,79,196.0,248.0,108.0,90.0,150.0,59.50012732351958,248.0,110.58333333333333,-0.4421487603305785,15,4,0,10.0,-0.30000000000000004,48.0,1338.0
2026-04-13,399,60,-9.866666666666667,-5.738395866369047,0.28916400054128355,345.0,7,2026-W16,5.0,53.0,65.0,48.0,39.0,572.43383441679,0,0,0,0,0,60,79.0,196.0,77.0,127.0,145.75,60.9455793012383,248.0,105.0,-0.014814814814814836,16,4,0,7.0,-0.2857142857142857,49.0,1327.0
2026-04-20,283,53,-9.933962264150944,-5.8339093387577305,0.22009036275900504,220.0,7,2026-W17,6.0,65.0,48.0,39.0,49.0,553.3916977736438,0,0,0,0,0,53,60.0,79.0,248.0,66.0,97.0,61.81123512662304,248.0,103.91666666666667,-0.2907268170426065,17,4,0,5.0,0.19999999999999996,50.0,1260.0
2026-04-27,518,65,-9.861538461538462,-5.870553260863628,0.2865158741742709,321.0,7,2026-W18,6.0,48.0,39.0,49.0,20.0,537.0740914282235,0,0,0,0,0,65,53.0,60.0,196.0,69.0,64.25,62.02705910008913,248.0,103.58333333333333,0.8303886925795052,18,4,1,6.0,0.0,51.0,1247.0
2026-05-04,310,48,-9.635416666666666,-5.940876840834815,0.4582527330806513,279.0,7,2026-W19,7.0,39.0,49.0,20.0,54.0,491.14834235622175,0,0,0,0,0,48,65.0,53.0,79.0,63.0,56.5,63.06177827168981,248.0,102.33333333333333,-0.4015444015444015,19,5,0,6.0,0.16666666666666674,52.0,1243.0
2026-05-11,521,39,-9.794871794871796,-4.197160708957239,0.31867217766086003,375.0,7,2026-W20,7.0,49.0,20.0,54.0,139.0,406.53686315231164,0,0,0,0,0,39,48.0,65.0,60.0,59.0,51.25,64.55770263645431,248.0,100.66666666666667,0.6806451612903226,20,5,0,7.0,0.0,53.0,1228.0
2026-05-18,375,49,-9.948979591836734,-3.920106378228834,0.18385053823191072,242.0,7,2026-W21,6.0,20.0,54.0,139.0,33.0,401.2476957067819,0,0,0,0,0,49,39.0,48.0,53.0,89.0,50.25,66.22596762508402,196.0,97.33333333333333,-0.2802303262955854,21,5,1,7.0,-0.1428571428571429,54.0,1208.0
2026-05-25,239,20,-9.75,-5.556704803885486,0.4135850959342555,271.0,7,2026-W22,7.0,54.0,139.0,33.0,63.0,399.90826568202306,0,0,0,0,0,20,49.0,39.0,65.0,146.0,39.0,67.77882926821316,79.0,86.83333333333333,-0.3626666666666667,22,5,1,6.0,0.16666666666666674,55.0,1168.0
2026-06-01,358,54,-9.88888888888889,-5.537679956115465,0.28593881563947926,229.0,7,2026-W23,6.0,139.0,33.0,63.0,128.0,397.1548464541279,0,0,0,0,0,54,20.0,49.0,48.0,108.0,40.5,68.03786824373178,65.0,82.33333333333333,0.497907949790795,23,6,0,7.0,-0.1428571428571429,56.0,1042.0
2026-06-08,539,139,-9.953237410071942,-5.953415085176333,0.14611002320238048,1129.0,7,2026-W24,6.0,33.0,63.0,128.0,117.0,388.7550896643439,0,0,0,0,0,139,54.0,20.0,39.0,77.0,65.5,69.92398470026953,139.0,87.5,0.505586592178771,24,6,0,6.0,0.0,57.0,988.0
2026-06-15,307,33,-9.863636363636363,-5.464752564257114,0.3130676662262708,302.0,7,2026-W25,5.0,63.0,128.0,117.0,260.0,385.53276963954477,0,0,0,0,0,33,139.0,54.0,49.0,248.0,61.5,49.672487964727026,139.0,69.58333333333333,-0.4304267161410018,25,6,1,6.0,-0.16666666666666663,58.0,1050.0
2026-06-22,366,63,-9.80952380952381,-6.761131659359614,0.3749039815628865,532.0,7,2026-W26,4.0,128.0,117.0,260.0,364.0,384.8040503914102,0,0,0,0,1,63,33.0,139.0,20.0,196.0,72.25,29.73978052128894,139.0,58.5,0.19218241042345285,26,6,0,5.0,-0.19999999999999996,59.0,835.0
2026-06-29,994,128,-9.92578125,-6.915217098712575,0.24373927394126968,1336.0,7,2026-W27,5.0,117.0,260.0,364.0,237.0,383.630837891248,0,0,0,1,0,128,63.0,33.0,54.0,79.0,90.75,35.59739094967683,139.0,62.583333333333336,1.7158469945355193,27,6,0,4.0,0.25,60.0,702.0
2026-07-06,481,117,-9.871794871794872,-7.559599593537442,0.30901572157476304,615.0,7,2026-W28,8.0,260.0,364.0,237.0,719.0,383.30407295855764,0,0,1,0,1,117,128.0,63.0,139.0,60.0,85.25,38.87353232150902,139.0,67.33333333333333,-0.5160965794768612,28,7,0,5.0,0.6000000000000001,61.0,751.0
2026-07-13,1631,260,-9.925,-5.7418301029386996,0.22219943040563145,1984.0,7,2026-W29,9.0,364.0,237.0,719.0,820.0,345.4095038648298,0,1,0,1,1,260,117.0,128.0,33.0,53.0,142.0,67.39767777673693,260.0,84.58333333333333,2.3908523908523907,29,7,0,8.0,0.125,62.0,808.0
2026-07-20,1790,364,-9.909340659340659,-5.476477204236886,0.22883247663804693,2068.0,7,2026-W30,7.0,237.0,719.0,820.0,387.0,331.0748763475838,1,0,1,1,0,364,260.0,117.0,63.0,65.0,217.25,104.53663994460975,364.0,109.5,0.09748620478234216,30,7,0,9.0,-0.2222222222222222,63.0,1015.0
2026-07-27,1155,237,-9.919831223628693,-5.069156281916176,0.2252756621035843,1732.0,7,2026-W31,5.0,719.0,820.0,387.0,143.0,343.66843152355125,0,1,1,0,0,237,364.0,260.0,128.0,48.0,244.5,108.58773160235617,364.0,125.25,-0.35474860335195535,31,7,0,7.0,-0.2857142857142857,1.0,1314.0
2026-08-03,2231,719,-9.947148817802503,-5.942736383295882,0.21597629304963992,12097.0,7,2026-W32,8.0,820.0,387.0,143.0,524.0,346.6287970601078,1,1,0,0,1,719,237.0,364.0,117.0,39.0,395.0,199.15067768963857,719.0,181.91666666666666,0.9316017316017315,32,8,0,5.0,0.6000000000000001,2.0,1503.0
2026-08-10,2527,820,-9.940853658536586,-6.57237194206226,0.2164803437769539,9772.0,7,2026-W33,5.0,387.0,143.0,524.0,1291.0,413.2146540518359,1,0,0,1,1,820,719.0,237.0,260.0,49.0,535.0,265.6411911286393,820.0,246.16666666666666,0.13267593007619904,33,8,0,8.0,-0.375,1.0,2183.0
2026-08-17,1076,387,-9.914728682170542,-6.347599335779934,0.22868200034985323,3976.0,7,2026-W34,3.0,143.0,524.0,1291.0,,485.30161395580603,0,0,1,1,,387,820.0,719.0,364.0,20.0,540.75,258.2592513523781,820.0,276.75,-0.5741986545310644,34,8,0,5.0,-0.4,1.0,2954.0
2026-08-24,623,143,-9.888111888111888,-6.495133784582852,0.29917480652233636,720.0,7,2026-W35,4.0,524.0,1291.0,,,495.62568866504137,0,1,1,,,143,387.0,820.0,237.0,54.0,517.25,252.49440437844186,820.0,284.1666666666667,-0.42100371747211895,35,8,0,3.0,0.33333333333333326,2.0,3321.0
2026-08-31,1227,524,-9.944656488549619,-6.120108149394549,0.18497603672994858,4317.0,7,2026-W36,23.0,1291.0,,,,478.8726465241073,1,1,,,,524,143.0,387.0,719.0,139.0,468.5,256.79532883035625,820.0,316.25,0.9695024077046548,36,8,0,4.0,4.75,3.0,3410.0
2026-09-07,4455,1291,-9.875677769171185,-5.072766266192239,0.26310059671878167,15362.0,7,2026-W37,24.0,,,,,492.0437171402369,1,,,,,1291,524.0,143.0,820.0,33.0,586.25,364.7426136913867,1291.0,421.0833333333333,2.63080684596577,37,9,0,23.0,0.04347826086956519,1.0,3795.0
