week_start,total_events_country,conflict_count,avg_goldstein,avg_tone,goldstein_volatility,total_mentions_conflict,days_covered,week_label,google_trends_score
2021-12-27,1191,58,-9.913793103448276,-5.746943288834683,0.23203771310388388,564.0,2,2021-W52,0.0
2022-01-03,5780,292,-9.875,-4.604716992100285,0.29710805420972497,2869.0,7,2022-W01,0.0
2022-01-10,9667,435,-9.819540229885057,-4.324978574608509,0.3345810642956358,5065.0,7,2022-W02,1.0
2022-01-17,18934,841,-9.824019024970273,-3.7353685099552,0.3245047796544324,12680.0,7,2022-W03,4.0
2022-01-24,25021,1259,-9.834392374900714,-4.038553926311425,0.3123336570530611,12439.0,7,2022-W04,2.0
2022-01-31,21767,1046,-9.794933078393882,-3.7369449970319124,0.37475752328517603,12183.0,7,2022-W05,3.0
2022-02-07,26337,1122,-9.75222816399287,-3.8706262255969888,0.3749747890306487,20406.0,7,2022-W06,8.0
2022-02-14,40344,2700,-9.865555555555556,-4.899341930324876,0.2836776598479359,55026.0,7,2022-W07,95.0
2022-02-21,111514,11071,-9.77983018697498,-4.456213958740761,0.34137800361276044,269021.0,7,2022-W08,100.0
2022-02-28,134050,12711,-9.78290457084415,-4.322073033690915,0.36874072426898596,250449.0,7,2022-W09,53.0
2022-03-07,111921,10500,-9.800761904761904,-4.5635353065932325,0.36270484649795165,150626.0,7,2022-W10,39.0
2022-03-14,93138,10688,-9.826066616766466,-4.545843730634323,0.3393444547721995,187822.0,7,2022-W11,32.0
2022-03-21,76039,7696,-9.80158523908524,-4.620043218014519,0.3474628471653555,131172.0,7,2022-W12,26.0
2022-03-28,63999,6481,-9.80898009566425,-4.530340286132616,0.3421332312217346,120648.0,7,2022-W13,24.0
2022-04-04,61506,6963,-9.792330891856958,-5.401874790733932,0.37484277459077103,111360.0,7,2022-W14,21.0
2022-04-11,55656,6590,-9.795827010622155,-5.1111786276032,0.3678404659723487,116656.0,7,2022-W15,21.0
2022-04-18,51473,6344,-9.806194829760404,-4.394808313454661,0.3604187973365169,121402.0,7,2022-W16,19.0
2022-04-25,55409,6022,-9.837595483228164,-4.347126532609175,0.33782926696561577,139062.0,7,2022-W17,19.0
2022-05-02,49309,5147,-9.83339809597824,-4.288251122872272,0.3427072855655975,96256.0,7,2022-W18,18.0
2022-05-09,42703,4465,-9.81545352743561,-4.404531499778814,0.3492290878221998,86481.0,7,2022-W19,17.0
2022-05-16,36254,4053,-9.829509005674808,-4.8853065167091225,0.3481692079500767,76618.0,7,2022-W20,15.0
2022-05-23,31347,3947,-9.82049657968077,-4.84443780513219,0.3590026121007208,58509.0,7,2022-W21,16.0
2022-05-30,28797,4005,-9.823845193508115,-4.543440645450877,0.34241925334293677,57094.0,7,2022-W22,14.0
2022-06-06,27986,3649,-9.84858865442587,-4.640449208160169,0.32972078813417405,46292.0,7,2022-W23,13.0
2022-06-13,32257,3577,-9.827089740005592,-4.061748275803276,0.3409935001846711,38096.0,7,2022-W24,13.0
2022-06-20,27552,3483,-9.825437840941717,-4.245605380184198,0.3550190743646203,44924.0,7,2022-W25,11.0
2022-06-27,27109,3440,-9.838517441860466,-4.574299371915967,0.3363447353943206,51382.0,7,2022-W26,12.0
2022-07-04,26204,3024,-9.843419312169312,-4.391171328931755,0.32718339298793164,37625.0,7,2022-W27,10.0
2022-07-11,22317,3200,-9.854375,-4.8522628955483365,0.32583782406263245,41233.0,7,2022-W28,10.0
2022-07-18,27006,2977,-9.875881760161237,-4.095098988804089,0.29890498543135396,31310.0,7,2022-W29,11.0
2022-07-25,22618,3192,-9.849937343358397,-4.8801184411645036,0.3288680278081264,34710.0,7,2022-W30,12.0
2022-08-01,20480,2390,-9.831380753138076,-4.477607426383238,0.352320801337509,22309.0,7,2022-W31,12.0
2022-08-08,20104,2774,-9.883561643835616,-4.788415621332385,0.2922798029565808,30018.0,7,2022-W32,12.0
2022-08-15,20421,2525,-9.868514851485148,-4.63852007288951,0.2978042536494525,24927.0,7,2022-W33,11.0
2022-08-22,23899,3087,-9.873501781665047,-4.593700988295557,0.3130104105140113,36581.0,7,2022-W34,12.0
2022-08-29,20245,2623,-9.861227601982463,-4.271901111461205,0.30784730724382786,31176.0,7,2022-W35,14.0
2022-09-05,20735,2587,-9.800154619250097,-3.9729853287081967,0.3338240422211231,29659.0,7,2022-W36,21.0
2022-09-12,23194,3493,-9.747638133409676,-4.59661497896211,0.3786971299186954,49462.0,7,2022-W37,17.0
2022-09-19,25644,2854,-9.744569025928522,-4.864257452588678,0.3944012396729416,36001.0,7,2022-W38,17.0
2022-09-26,22777,2603,-9.80945063388398,-4.629701496121948,0.3315277532784718,45027.0,7,2022-W39,21.0
2022-10-03,23547,3155,-9.794136291600633,-4.329355160530601,0.33385468067797636,38082.0,7,2022-W40,19.0
2022-10-10,27212,4318,-9.886637332098193,-4.937384776164015,0.28646357397214467,56970.0,7,2022-W41,16.0
2022-10-17,23639,3791,-9.865207069374835,-5.25323820209524,0.3152336372108257,64093.0,7,2022-W42,16.0
2022-10-24,21614,2570,-9.84591439688716,-5.105396872876185,0.33393865567804315,27382.0,7,2022-W43,14.0
2022-10-31,18970,2452,-9.87357259380098,-4.8527159700625235,0.3025173210414759,43357.0,7,2022-W44,15.0
2022-11-07,17510,2187,-9.855509830818473,-4.44852474260571,0.29893154238898606,25032.0,6,2022-W45,15.0
2022-11-14,27267,4141,-9.855831924655881,-4.728541642153119,0.31867466298088515,62099.0,7,2022-W46,11.0
2022-11-21,18119,2754,-9.870915032679738,-4.905961235710124,0.30096122440779427,38927.0,7,2022-W47,11.0
2022-11-28,18979,2243,-9.845965225144894,-4.427493352157586,0.3220494870630233,22921.0,7,2022-W48,11.0
2022-12-05,18058,3038,-9.885615536537195,-4.750314858481951,0.28976697400689966,37250.0,7,2022-W49,11.0
2022-12-12,18615,2859,-9.877929345925148,-4.556874185871739,0.30900715845682825,35662.0,7,2022-W50,11.0
2022-12-19,23964,2437,-9.855354944604022,-3.7345559159392425,0.32465885719028315,31842.0,7,2022-W51,11.0
2022-12-26,16208,3081,-9.908795845504706,-4.629226474718749,0.2686979382293592,56383.0,7,2022-W52,11.0
2023-01-02,17005,3081,-9.894190197987667,-5.0635802894936015,0.2877397388604392,40057.0,7,2023-W01,12.0
2023-01-09,21435,3866,-9.84635281945163,-4.7552176173504765,0.31116921547748305,51833.0,7,2023-W02,12.0
2023-01-16,24912,3174,-9.895242596093258,-4.417631540998631,0.2726752079887137,42939.0,7,2023-W03,13.0
2023-01-23,23434,2747,-9.893338187113214,-4.232453175007241,0.27736146836062564,29240.0,7,2023-W04,12.0
2023-01-30,21141,2562,-9.853239656518346,-4.397543667033639,0.32758038251600324,29029.0,7,2023-W05,12.0
2023-02-06,22768,2582,-9.882455460883037,-4.044098044175811,0.29034257603717023,31678.0,7,2023-W06,13.0
2023-02-13,23913,2815,-9.830728241563055,-4.198550325934953,0.3455946777279939,29432.0,7,2023-W07,16.0
2023-02-20,41566,3142,-9.80872056015277,-4.120196901872871,0.34439203829827253,42645.0,7,2023-W08,13.0
2023-02-27,24566,2669,-9.835144248782315,-4.822031801866863,0.33165313830417514,29799.0,7,2023-W09,12.0
2023-03-06,20887,3289,-9.846913955609608,-4.76908607364631,0.3402585859416435,44509.0,7,2023-W10,11.0
2023-03-13,20522,2485,-9.83440643863179,-4.79474769970458,0.35560173848823307,36197.0,7,2023-W11,11.0
2023-03-20,20618,2325,-9.806451612903226,-4.721958338907806,0.3704344717373269,22932.0,6,2023-W12,12.0
2023-03-27,28393,3045,-9.825451559934319,-4.4389534029969875,0.3556275126606483,44729.0,7,2023-W13,11.0
2023-04-03,27100,2951,-9.831582514401898,-4.62398034723542,0.3448391959601188,36767.0,7,2023-W14,10.0
2023-04-10,26803,2955,-9.817766497461928,-4.375629448595613,0.3591898555972836,27605.0,7,2023-W15,10.0
2023-04-17,26836,2721,-9.8257993384785,-4.25081009283408,0.3573950310924342,30592.0,7,2023-W16,11.0
2023-04-24,26577,3557,-9.876721956705088,-4.514580221469189,0.32090308539805756,62790.0,7,2023-W17,11.0
2023-05-01,29298,4636,-9.822476272648835,-5.290330973420132,0.4408724243843353,79148.0,7,2023-W18,12.0
2023-05-08,28075,3993,-9.85962935136489,-4.370768331911229,0.34168928281699057,63321.0,7,2023-W19,13.0
2023-05-15,37773,3950,-9.885569620253165,-3.8820363739858608,0.29267994785262275,84829.0,7,2023-W20,12.0
2023-05-22,27758,4248,-9.873469868173258,-4.979194511842157,0.3019597141614828,62471.0,7,2023-W21,10.0
2023-05-29,24507,4464,-9.872759856630825,-5.309498465221558,0.324766621446962,92351.0,7,2023-W22,14.0
2023-06-05,36501,4743,-9.847670250896057,-5.114305573889357,0.33152630563343094,67408.0,7,2023-W23,14.0
2023-06-12,29810,4383,-9.854095368469086,-4.570673315824202,0.3134167022375128,59163.0,7,2023-W24,16.0
2023-06-19,30570,4319,-9.825885621671683,-4.666846301522182,0.32765323697488014,50321.0,7,2023-W25,15.0
2023-06-26,26536,3377,-9.841575362748001,-4.525925621798105,0.3234710751434152,50916.0,7,2023-W26,12.0
2023-07-03,27127,3617,-9.862455073265137,-4.810652949473417,0.3178508265516199,37878.0,7,2023-W27,12.0
2023-07-10,34752,4051,-9.879165638114046,-4.635416897020862,0.30311208042237653,48106.0,7,2023-W28,11.0
2023-07-17,31544,4462,-9.845360824742269,-5.129262427121707,0.3377201703903581,56166.0,7,2023-W29,12.0
2023-07-24,24319,4310,-9.86461716937355,-4.887742348013291,0.2995913199671261,56421.0,7,2023-W30,11.0
2023-07-31,24272,4302,-9.866108786610878,-5.374269248486161,0.3177968000342918,50266.0,7,2023-W31,10.0
2023-08-07,21317,4116,-9.869169096209912,-5.170639644511246,0.32186333194283034,40986.0,7,2023-W32,11.0
2023-08-14,20905,3977,-9.884586371636912,-5.011279671622318,0.2749268901268574,41002.0,7,2023-W33,11.0
2023-08-21,27889,4110,-9.871897810218979,-4.767078787359716,0.3030245029277584,46627.0,7,2023-W34,12.0
2023-08-28,21825,3630,-9.884022038567494,-4.875696463098371,0.29586722491699047,38555.0,7,2023-W35,11.0
2023-09-04,28762,3769,-9.871583974529052,-4.719472882822179,0.307741000303067,40684.0,7,2023-W36,11.0
2023-09-11,26653,3858,-9.82205806117159,-4.216526440945502,0.35299116638425915,35212.0,7,2023-W37,11.0
2023-09-18,38175,4456,-9.845152603231599,-4.663485003857553,0.32915062484195606,45567.0,7,2023-W38,10.0
2023-09-25,26816,3769,-9.86587954364553,-4.8331127666877585,0.31503045943153335,36561.0,7,2023-W39,9.0
2023-10-02,26240,3660,-9.881010928961748,-5.079087352673782,0.29477098153625353,39050.0,7,2023-W40,12.0
2023-10-09,18588,3024,-9.837466931216932,-5.2561254480362765,0.3490760910338882,21491.0,7,2023-W41,10.0
2023-10-16,18237,2821,-9.847394540942927,-5.266117061674376,0.34392052823761154,24640.0,7,2023-W42,9.0
2023-10-23,17528,2717,-9.837872653662128,-5.369564302748341,0.36499687489238863,18158.0,7,2023-W43,8.0
2023-10-30,17977,3161,-9.835336918696616,-5.664175779746262,0.36610456510279993,22321.0,7,2023-W44,8.0
2023-11-06,19154,3375,-9.822666666666667,-5.172204071009792,0.358078915576826,29410.0,7,2023-W45,8.0
2023-11-13,19527,2770,-9.84043321299639,-5.060863940469494,0.33726722381757207,19567.0,7,2023-W46,7.0
2023-11-20,18792,2782,-9.826383896477354,-5.268777510284287,0.35735625902491164,31575.0,7,2023-W47,7.0
2023-11-27,17660,2382,-9.823257766582703,-5.398936434275106,0.35913209097764914,20011.0,7,2023-W48,7.0
2023-12-04,21412,2739,-9.84811975173421,-5.142922061457928,0.3361133373937037,21907.0,7,2023-W49,7.0
2023-12-11,24393,2240,-9.839285714285714,-4.562436197061951,0.3382315205227752,34852.0,7,2023-W50,6.0
2023-12-18,16714,2306,-9.85472679965308,-4.9290923006278184,0.325911688319068,17332.0,7,2023-W51,7.0
2023-12-25,17575,4478,-9.884881643590889,-5.773213007517065,0.2964334519562693,75869.0,7,2023-W52,7.0
2024-01-01,15410,3736,-9.896011777301927,-5.633314509945263,0.2835756466706636,44812.0,7,2024-W01,6.0
2024-01-08,18503,2599,-9.869949980761831,-4.814511048804654,0.296270826143884,25023.0,7,2024-W02,6.0
2024-01-15,19448,2418,-9.879239040529363,-4.711809062666584,0.299798442727309,24811.0,7,2024-W03,7.0
2024-01-22,20337,3036,-9.888339920948617,-5.3735425608721314,0.2999984806120672,36421.0,7,2024-W04,6.0
2024-01-29,18946,2500,-9.8748,-4.94684550456971,0.30620657240822624,16166.0,7,2024-W05,7.0
2024-02-05,22962,2781,-9.850233728874505,-5.192713833612935,0.3322434901063809,32663.0,7,2024-W06,7.0
2024-02-12,27343,3328,-9.8671875,-4.847519676901525,0.31316993114116937,28850.0,7,2024-W07,8.0
2024-02-19,35733,4062,-9.83025603151157,-4.632046492055196,0.3342515385804454,42363.0,7,2024-W08,7.0
2024-02-26,28883,3032,-9.867249340369392,-4.578320850261621,0.3116128367794785,28444.0,7,2024-W09,6.0
2024-03-04,23145,2894,-9.868002764340014,-5.3791431815677075,0.31555867092127254,22192.0,7,2024-W10,6.0
2024-03-11,23126,3282,-9.853747714808044,-5.041069900080749,0.3180052997224858,45547.0,7,2024-W11,7.0
2024-03-18,22327,3434,-9.876237623762377,-5.555212010537642,0.29996649492433974,43673.0,7,2024-W12,6.0
2024-03-25,18681,3191,-9.8827953619555,-5.551706424622212,0.2931642661551171,29302.0,7,2024-W13,6.0
2024-04-01,18737,2962,-9.868332207967589,-5.67425037195489,0.30841488891416585,34839.0,7,2024-W14,6.0
2024-04-08,19573,2522,-9.85904044409199,-5.075392126603259,0.31750394893002126,28210.0,7,2024-W15,6.0
2024-04-15,23125,2960,-9.885810810810812,-4.696346692318869,0.28621833885540204,38633.0,7,2024-W16,6.0
2024-04-22,22643,2879,-9.866273011462313,-4.96925172784977,0.30430950867812423,37258.0,7,2024-W17,6.0
2024-04-29,16729,2596,-9.849191063174114,-5.073979069289366,0.3352785062833492,22362.0,7,2024-W18,6.0
2024-05-06,16694,3088,-9.823996113989637,-5.083819321991728,0.37173887611600775,32737.0,7,2024-W19,8.0
2024-05-13,21204,3921,-9.833843407294058,-4.899280906127177,0.35463367843541355,46178.0,7,2024-W20,7.0
2024-05-20,16665,2890,-9.832698961937716,-5.051776562676632,0.33764600990044513,23145.0,7,2024-W21,7.0
2024-05-27,20140,2472,-9.85598705501618,-4.350512457240161,0.3235848570107536,21748.0,7,2024-W22,7.0
2024-06-03,18130,2173,-9.856879889553612,-4.525863591357783,0.3250510978751219,21280.0,7,2024-W23,7.0
2024-06-10,26173,2176,-9.845358455882353,-4.664641204435693,0.3425483406808119,19819.0,7,2024-W24,7.0
2024-06-17,16549,2240,-9.8640625,-5.263499703256414,0.320755188091801,27388.0,7,2024-W25,7.0
2024-06-24,15800,1977,-9.84951947395043,-5.798320435795885,0.351026576831197,15484.0,7,2024-W26,6.0
2024-07-01,15474,1889,-9.856008470089995,-5.378166710869615,0.32165348751399303,18571.0,7,2024-W27,6.0
2024-07-08,24408,2753,-9.88794042862332,-5.096344342180986,0.2854130665246153,34160.0,7,2024-W28,6.0
2024-07-15,16953,2177,-9.846577859439595,-4.872975334428068,0.37423758590556233,19530.0,7,2024-W29,6.0
2024-07-22,13545,1701,-9.854203409758965,-5.304193761351534,0.32480079471453044,11561.0,7,2024-W30,5.0
2024-07-29,10731,1660,-9.846084337349398,-5.45859213033458,0.3467097983375641,14034.0,7,2024-W31,9.0
2024-08-05,13515,3078,-9.8409681611436,-5.572084997361907,0.30668211716353444,36115.0,7,2024-W32,13.0
2024-08-12,18544,3741,-9.806201550387597,-4.718883591461803,0.3229195542406266,51590.0,7,2024-W33,11.0
2024-08-19,23052,3582,-9.835147962032384,-5.1406124228842724,0.31325768089290895,49733.0,7,2024-W34,10.0
2024-08-26,18905,3707,-9.86134340437011,-5.601827977553086,0.30741445216244623,47624.0,7,2024-W35,8.0
2024-09-02,18516,2713,-9.876889052709178,-5.133493686691261,0.2850638698323588,38111.0,7,2024-W36,8.0
2024-09-09,19786,2577,-9.863407062475748,-5.076332333351868,0.31085391682490016,29213.0,7,2024-W37,8.0
2024-09-16,14510,1988,-9.861921529175051,-5.268477188035646,0.3463429328798094,14987.0,7,2024-W38,7.0
2024-09-23,20645,2256,-9.86790780141844,-5.043377000375647,0.32325706946494837,24646.0,7,2024-W39,7.0
2024-09-30,11633,1936,-9.832902892561984,-5.4357531736809905,0.33886425730743236,19146.0,7,2024-W40,7.0
2024-10-07,14729,1986,-9.855488418932527,-5.046262152589056,0.32255683211083624,15076.0,7,2024-W41,6.0
2024-10-14,15674,1474,-9.846336499321573,-4.504328037506145,0.32380672063144955,11133.0,7,2024-W42,6.0
2024-10-21,15290,1753,-9.867370222475756,-4.9862655014462804,0.2987928306792257,19677.0,7,2024-W43,7.0
2024-10-28,13660,1740,-9.831609195402299,-4.591570233673574,0.3371407480366338,17546.0,7,2024-W44,9.0
2024-11-04,16582,1946,-9.887461459403905,-4.778182126193604,0.29024770877135425,18229.0,7,2024-W45,7.0
2024-11-11,17083,2131,-9.866494603472548,-4.815127805172702,0.31231959276117627,34998.0,7,2024-W46,13.0
2024-11-18,23199,3926,-9.92116658176261,-4.803713274958848,0.24642723867947605,66190.0,7,2024-W47,9.0
2024-11-25,15759,2324,-9.889629948364888,-4.983498573203253,0.2904270326276936,27800.0,7,2024-W48,7.0
2024-12-02,16724,1520,-9.803289473684211,-4.626598432072561,0.37374635975432663,10924.0,7,2024-W49,6.0
2024-12-09,13427,1734,-9.846597462514417,-5.022996627318,0.3407291026968518,16494.0,7,2024-W50,6.0
2024-12-16,14818,2168,-9.882149446494465,-5.880555343827312,0.3004681653736644,26939.0,7,2024-W51,6.0
2024-12-23,11596,2323,-9.848902281532501,-5.431725402698774,0.34286419669025403,32340.0,7,2024-W52,6.0
2024-12-30,10115,1761,-9.851504826802953,-5.407276517691951,0.33406799815525706,19133.0,7,2025-W01,6.0
2025-01-06,12455,1872,-9.839209401709402,-5.019551518147387,0.32457020869329356,20143.0,7,2025-W02,6.0
2025-01-13,14900,1959,-9.850433894844308,-5.192298361189266,0.3284105492531669,22371.0,7,2025-W03,6.0
2025-01-20,12978,1261,-9.85765265662173,-5.168486853592743,0.3208355310544395,11139.0,7,2025-W04,6.0
2025-01-27,11710,1660,-9.856927710843374,-5.707649036925042,0.33100785992254134,16926.0,7,2025-W05,5.0
2025-02-03,14115,1639,-9.858450274557658,-5.305606913665978,0.32278215142037464,15403.0,7,2025-W06,6.0
2025-02-10,29753,1495,-9.824749163879599,-4.534366950858324,0.3505439270669477,12403.0,7,2025-W07,10.0
2025-02-17,39990,1706,-9.81242672919109,-4.170842509956799,0.3458819771765668,16094.0,7,2025-W08,11.0
2025-02-24,49652,2843,-9.850158283503342,-3.346086938115577,0.3338025584908535,41071.0,7,2025-W09,12.0
2025-03-03,43115,3350,-9.855223880597014,-3.431661765612169,0.31922737332850903,37164.0,7,2025-W10,8.0
2025-03-10,33717,2746,-9.834850691915513,-4.218469635154008,0.331060441536497,23981.0,7,2025-W11,6.0
2025-03-17,26168,2505,-9.837924151696607,-4.402597246172212,0.333018678052205,26949.0,7,2025-W12,5.0
2025-03-24,19526,2069,-9.849927501208313,-4.432440901356589,0.3236730753889062,25709.0,7,2025-W13,5.0
2025-03-31,14742,1589,-9.845185651353052,-5.815994632081732,0.32323505479822157,20271.0,7,2025-W14,4.0
2025-04-07,15894,1657,-9.864212432106216,-5.128925556407527,0.316082410315807,16300.0,7,2025-W15,5.0
2025-04-14,21006,2363,-9.839187473550572,-5.175273866544629,0.338342350476309,25301.0,7,2025-W16,5.0
2025-04-21,27402,2459,-9.852379015860105,-4.833775683115051,0.3220368346116824,34702.0,7,2025-W17,5.0
2025-04-28,17954,1705,-9.813782991202347,-4.763042110750498,0.3722521386875831,17070.0,7,2025-W18,6.0
2025-05-05,18961,1752,-9.85074200913242,-4.5644367899327385,0.3265511552409856,18015.0,7,2025-W19,5.0
2025-05-12,23689,1451,-9.822880771881461,-5.3193924046827545,0.3274566129444622,16079.0,7,2025-W20,5.0
2025-05-19,17502,2021,-9.864918357248886,-5.589897754117032,0.3071932274232713,40008.0,7,2025-W21,5.0
2025-05-26,17625,2365,-9.828752642706132,-5.481586047943397,0.35063685128469047,34109.0,7,2025-W22,9.0
2025-06-02,19565,3141,-9.85116205030245,-5.375116090641541,0.3291410644265565,42745.0,7,2025-W23,6.0
2025-06-09,9128,1636,-9.84382640586797,-5.777106174320064,0.33119895874652217,22184.0,5,2025-W24,6.0
2025-06-16,180,13,-9.807692307692308,-4.2316877305870175,0.3839738238941524,27.0,0,2025-W25,6.0
2025-06-23,250,16,-9.9375,-4.303564404799144,0.25,81.0,0,2025-W26,5.0
2025-06-30,10358,1678,-9.848927294398093,-5.303816491527481,0.3347789782816334,31399.0,5,2025-W27,5.0
2025-07-07,16420,2427,-9.852286773794809,-5.7977113811346195,0.32881335550087626,44078.0,7,2025-W28,5.0
2025-07-14,17086,1842,-9.874864277958741,-5.217210812597216,0.3024490081590404,22224.0,7,2025-W29,5.0
2025-07-21,13544,1430,-9.804545454545455,-5.800608481178085,0.3685696204413545,13917.0,7,2025-W30,6.0
2025-07-28,11543,1714,-9.864935822637106,-6.153274924406927,0.30464648719497733,26500.0,7,2025-W31,8.0
2025-08-04,18018,1452,-9.830922865013774,-4.917692779102006,0.3450362433253217,25710.0,7,2025-W32,12.0
2025-08-11,33942,1819,-9.810885101704233,-3.964388116907313,0.3564157185912077,21400.0,7,2025-W33,13.0
2025-08-18,35147,2491,-9.81573665194701,-3.725293357874609,0.35760421192572567,30448.0,7,2025-W34,8.0
2025-08-25,18417,2204,-9.858892921960072,-4.942044797184936,0.3139340080085098,27177.0,7,2025-W35,8.0
2025-09-01,15029,1799,-9.865480822679267,-5.644543849608225,0.3202876549570703,26465.0,7,2025-W36,9.0
2025-09-08,15349,2517,-9.850019864918554,-5.8940960400028235,0.3264520570484637,27826.0,7,2025-W37,7.0
2025-09-15,10742,1564,-9.846227621483376,-5.423881736561041,0.3386659906304352,15402.0,7,2025-W38,9.0
2025-09-22,15128,1632,-9.81924019607843,-5.390018375485514,0.36152807534138776,17837.0,7,2025-W39,9.0
2025-09-29,11025,1602,-9.86298377028714,-5.724632893691758,0.3187606167322583,14752.0,7,2025-W40,8.0
2025-10-06,9480,1406,-9.847795163584637,-5.123427458893247,0.33632741737429034,14884.0,7,2025-W41,8.0
2025-10-13,16963,1448,-9.873273480662984,-5.0043921609891,0.29683388454068316,11407.0,7,2025-W42,8.0
2025-10-20,18485,1776,-9.855292792792794,-5.254561817540841,0.33043739493368796,19090.0,7,2025-W43,7.0
2025-10-27,10030,1652,-9.803268765133172,-5.478185738853358,0.3638430954451908,13385.0,7,2025-W44,7.0
2025-11-03,9322,1338,-9.81576980568012,-5.293139271422392,0.36058339778963605,13511.0,7,2025-W45,7.0
2025-11-10,9775,1417,-9.83803810868031,-5.52502620510861,0.3435027960047594,14381.0,7,2025-W46,9.0
2025-11-17,23319,1769,-9.814019219898247,-4.739284069053301,0.36443435634264176,17183.0,7,2025-W47,10.0
2025-11-24,21450,1576,-9.834073604060913,-4.469745998480245,0.3530908848890059,22067.0,7,2025-W48,9.0
2025-12-01,18695,1425,-9.831228070175438,-4.3613921413580865,0.3446627064740014,13677.0,7,2025-W49,8.0
2025-12-08,17550,1339,-9.815160567587752,-4.655290011416938,0.36010113227999274,22181.0,7,2025-W50,7.0
2025-12-15,14432,1019,-9.861629048086359,-4.577761355353313,0.31340342226686385,9330.0,7,2025-W51,6.0
2025-12-22,14688,1736,-9.856854838709678,-4.876117427905329,0.32537137054750664,22265.0,7,2025-W52,8.0
2025-12-29,13975,1752,-9.873858447488585,-5.180068842985668,0.3329623341881089,20177.0,7,2026-W01,6.0
2026-01-05,12229,1538,-9.878088426527958,-5.055520287720999,0.29734411012651707,19979.0,7,2026-W02,6.0
2026-01-12,8979,1240,-9.868548387096775,-5.67070140328655,0.31324460873984683,12054.0,7,2026-W03,6.0
2026-01-19,13298,1164,-9.861254295532646,-4.988209939196004,0.32500091768971884,7328.0,7,2026-W04,6.0
2026-01-26,10095,1257,-9.86953062848051,-5.066073324671005,0.3168603731542971,9966.0,7,2026-W05,6.0
2026-02-02,11547,1520,-9.881907894736843,-5.175776411446497,0.3174251111497878,14175.0,7,2026-W06,5.0
2026-02-09,9946,1302,-9.838709677419354,-5.279466274005927,0.3626796591641946,10405.0,7,2026-W07,6.0
2026-02-16,11747,1358,-9.853460972017674,-5.082868675809113,0.3464088143231403,11745.0,7,2026-W08,8.0
2026-02-23,15199,1604,-9.845074812967582,-5.228945379791078,0.34040734746753587,12766.0,7,2026-W09,13.0
2026-03-02,9689,1235,-9.838461538461539,-5.126779028739047,0.3475115017662988,10226.0,7,2026-W10,11.0
2026-03-09,8899,1320,-9.872727272727273,-5.493279427633684,0.30737483422906925,11558.0,7,2026-W11,9.0
2026-03-16,9965,1145,-9.859825327510917,-4.765620101650948,0.3248883146795208,10269.0,7,2026-W12,9.0
2026-03-23,9220,1334,-9.861319340329835,-5.605401372019515,0.3209888112146521,13005.0,7,2026-W13,9.0
2026-03-30,8592,1228,-9.836319218241043,-5.613214539102948,0.34447574576225193,12108.0,7,2026-W14,8.0
2026-04-06,7549,1133,-9.825684024713151,-5.659131385926326,0.3425411621609883,19460.0,7,2026-W15,7.0
2026-04-13,8709,1591,-9.83909490886235,-5.941424670617163,0.34230838340803527,19333.0,7,2026-W16,6.0
2026-04-20,9186,1334,-9.825337331334334,-5.655894109367991,0.3621263350286816,11808.0,7,2026-W17,7.0
2026-04-27,8924,1363,-9.804108584005869,-5.228849201864689,0.38338950485104767,11620.0,7,2026-W18,7.0
2026-05-04,10314,1707,-9.849150556531928,-5.769857419421744,0.3192773459339,19834.0,7,2026-W19,8.0
2026-05-11,9495,1657,-9.809293904646953,-6.0730400669965166,0.3655094336071493,14576.0,7,2026-W20,8.0
2026-05-18,9051,1802,-9.864039955604884,-6.054177121042798,0.3210976706800522,18789.0,7,2026-W21,8.0
2026-05-25,9512,1850,-9.845405405405405,-5.9806979150963056,0.334823917420116,16253.0,7,2026-W22,9.0
2026-06-01,10534,1945,-9.80694087403599,-5.909406942319727,0.3679944381125148,28909.0,7,2026-W23,8.0
2026-06-08,8649,1249,-9.83546837469976,-5.162209449238005,0.34949454229901095,9612.0,7,2026-W24,9.0
2026-06-15,11894,1739,-9.815411155836689,-5.380658297210577,0.3733398087357781,15864.0,7,2026-W25,9.0
2026-06-22,8263,1516,-9.856530343007915,-5.806797026714344,0.333048078873112,17285.0,7,2026-W26,9.0
2026-06-29,9860,2018,-9.82804757185332,-5.940314503793098,0.3540491098043437,21695.0,7,2026-W27,9.0
2026-07-06,13709,2224,-9.862410071942445,-5.452105170658481,0.3315725980396377,36821.0,7,2026-W28,7.0
2026-07-13,12177,1944,-9.86522633744856,-5.323066085704639,0.3173563116097413,27709.0,7,2026-W29,8.0
2026-07-20,11548,2176,-9.892003676470589,-5.349723958988646,0.2833468805177166,24418.0,7,2026-W30,7.0
2026-07-27,13445,2233,-9.880206000895656,-5.25971848730921,0.30615336983288327,22928.0,7,2026-W31,6.0
2026-08-03,9181,2192,-9.890967153284672,-5.8191498490157745,0.2897465406140785,38740.0,7,2026-W32,8.0
2026-08-10,8124,2055,-9.881265206812651,-5.957880482965492,0.3045650005547975,23413.0,7,2026-W33,7.0
2026-08-17,9457,1930,-9.849481865284973,-6.2910714580225,0.329965737939939,31363.0,7,2026-W34,5.0
2026-08-24,10968,1569,-9.87157425111536,-5.558433380470512,0.3163005743215852,18807.0,7,2026-W35,6.0
2026-08-31,12471,1742,-9.855051664753157,-5.391266291227068,0.3330800213210041,40187.0,7,2026-W36,6.0
